author_id_1,author_id_2,weight
https://openalex.org/A5000060189,https://openalex.org/A5005562169,1
https://openalex.org/A5000060189,https://openalex.org/A5018644793,1
https://openalex.org/A5000060189,https://openalex.org/A5079191166,1
https://openalex.org/A5000240524,https://openalex.org/A5050736667,2
https://openalex.org/A5000320555,https://openalex.org/A5008109897,7
https://openalex.org/A5000320555,https://openalex.org/A5061014073,7
https://openalex.org/A5000342152,https://openalex.org/A5056662160,2
https://openalex.org/A5000342152,https://openalex.org/A5065292134,2
https://openalex.org/A5000358746,https://openalex.org/A5065410232,3
https://openalex.org/A5000373569,https://openalex.org/A5004782588,1
https://openalex.org/A5000373569,https://openalex.org/A5086606169,1
https://openalex.org/A5000392389,https://openalex.org/A5038921157,1
https://openalex.org/A5000616427,https://openalex.org/A5005442910,2
https://openalex.org/A5000616427,https://openalex.org/A5031012347,2
https://openalex.org/A5000616427,https://openalex.org/A5041791430,2
https://openalex.org/A5000616427,https://openalex.org/A5051072292,2
https://openalex.org/A5000779738,https://openalex.org/A5054032260,2
https://openalex.org/A5000987793,https://openalex.org/A5083214737,1
https://openalex.org/A5001065161,https://openalex.org/A5020005712,1
https://openalex.org/A5001065161,https://openalex.org/A5035562556,1
https://openalex.org/A5001065161,https://openalex.org/A5043554069,1
https://openalex.org/A5001065161,https://openalex.org/A5063694564,1
https://openalex.org/A5001069577,https://openalex.org/A5005327758,1
https://openalex.org/A5001069577,https://openalex.org/A5010332312,1
https://openalex.org/A5001069577,https://openalex.org/A5011110306,1
https://openalex.org/A5001069577,https://openalex.org/A5023622755,1
https://openalex.org/A5001069577,https://openalex.org/A5025167737,1
https://openalex.org/A5001069577,https://openalex.org/A5028496204,1
https://openalex.org/A5001069577,https://openalex.org/A5032251517,1
https://openalex.org/A5001069577,https://openalex.org/A5055892702,1
https://openalex.org/A5001069577,https://openalex.org/A5086425290,1
https://openalex.org/A5001082764,https://openalex.org/A5008289854,1
https://openalex.org/A5001082764,https://openalex.org/A5012324792,1
https://openalex.org/A5001082764,https://openalex.org/A5017422174,1
https://openalex.org/A5001082764,https://openalex.org/A5026438785,1
https://openalex.org/A5001082764,https://openalex.org/A5027286465,1
https://openalex.org/A5001082764,https://openalex.org/A5055160117,1
https://openalex.org/A5001082764,https://openalex.org/A5061801321,1
https://openalex.org/A5001082764,https://openalex.org/A5066379259,1
https://openalex.org/A5001082764,https://openalex.org/A5077774191,1
https://openalex.org/A5001082764,https://openalex.org/A5111007676,1
https://openalex.org/A5001082764,https://openalex.org/A5112776766,1
https://openalex.org/A5001082764,https://openalex.org/A5112958220,1
https://openalex.org/A5001130972,https://openalex.org/A5002479079,1
https://openalex.org/A5001130972,https://openalex.org/A5093045696,1
https://openalex.org/A5001162874,https://openalex.org/A5062028336,1
https://openalex.org/A5001209012,https://openalex.org/A5035922399,1
https://openalex.org/A5001229071,https://openalex.org/A5016976975,1
https://openalex.org/A5001229071,https://openalex.org/A5019956414,2
https://openalex.org/A5001229071,https://openalex.org/A5059535139,1
https://openalex.org/A5001229071,https://openalex.org/A5063428555,2
https://openalex.org/A5001229071,https://openalex.org/A5073869040,2
https://openalex.org/A5001229071,https://openalex.org/A5114164714,2
https://openalex.org/A5001310347,https://openalex.org/A5047204090,1
https://openalex.org/A5001310347,https://openalex.org/A5049250533,1
https://openalex.org/A5001333543,https://openalex.org/A5014493313,1
https://openalex.org/A5001333543,https://openalex.org/A5018644793,1
https://openalex.org/A5001333543,https://openalex.org/A5033601686,1
https://openalex.org/A5001333543,https://openalex.org/A5089694443,1
https://openalex.org/A5001333543,https://openalex.org/A5103593452,1
https://openalex.org/A5001410925,https://openalex.org/A5004047462,1
https://openalex.org/A5001410925,https://openalex.org/A5010028386,1
https://openalex.org/A5001410925,https://openalex.org/A5023664362,2
https://openalex.org/A5001410925,https://openalex.org/A5074586082,1
https://openalex.org/A5001474476,https://openalex.org/A5009179454,1
https://openalex.org/A5001474476,https://openalex.org/A5018644793,2
https://openalex.org/A5001474476,https://openalex.org/A5028757481,1
https://openalex.org/A5001474476,https://openalex.org/A5036323249,1
https://openalex.org/A5001474476,https://openalex.org/A5070237145,1
https://openalex.org/A5001474476,https://openalex.org/A5079191166,2
https://openalex.org/A5001666125,https://openalex.org/A5022773897,1
https://openalex.org/A5001666125,https://openalex.org/A5038962834,1
https://openalex.org/A5001728647,https://openalex.org/A5012401304,1
https://openalex.org/A5001728647,https://openalex.org/A5038962834,1
https://openalex.org/A5001728647,https://openalex.org/A5060086711,1
https://openalex.org/A5001730346,https://openalex.org/A5040740393,1
https://openalex.org/A5001937764,https://openalex.org/A5045970678,1
https://openalex.org/A5001937764,https://openalex.org/A5067152947,1
https://openalex.org/A5001964892,https://openalex.org/A5030089998,2
https://openalex.org/A5002034621,https://openalex.org/A5004299448,1
https://openalex.org/A5002034621,https://openalex.org/A5073732963,1
https://openalex.org/A5002044379,https://openalex.org/A5045913591,1
https://openalex.org/A5002087177,https://openalex.org/A5070510252,1
https://openalex.org/A5002105086,https://openalex.org/A5033408704,1
https://openalex.org/A5002105086,https://openalex.org/A5045970678,1
https://openalex.org/A5002117040,https://openalex.org/A5015540482,1
https://openalex.org/A5002117040,https://openalex.org/A5023599264,1
https://openalex.org/A5002117040,https://openalex.org/A5026401904,1
https://openalex.org/A5002117040,https://openalex.org/A5035191609,1
https://openalex.org/A5002117040,https://openalex.org/A5050743443,1
https://openalex.org/A5002117040,https://openalex.org/A5069070673,1
https://openalex.org/A5002157362,https://openalex.org/A5056769433,2
https://openalex.org/A5002157362,https://openalex.org/A5092932421,1
https://openalex.org/A5002157362,https://openalex.org/A5114295075,1
https://openalex.org/A5002479079,https://openalex.org/A5093045696,1
https://openalex.org/A5002479079,https://openalex.org/A5102004033,3
https://openalex.org/A5002525083,https://openalex.org/A5043155729,1
https://openalex.org/A5002525083,https://openalex.org/A5066533684,1
https://openalex.org/A5002592929,https://openalex.org/A5059223174,3
https://openalex.org/A5002592929,https://openalex.org/A5063801367,2
https://openalex.org/A5002592929,https://openalex.org/A5078934409,5
https://openalex.org/A5002592929,https://openalex.org/A5109752187,1
https://openalex.org/A5002592929,https://openalex.org/A5110768672,1
https://openalex.org/A5002767641,https://openalex.org/A5079191166,1
https://openalex.org/A5002817441,https://openalex.org/A5004561882,1
https://openalex.org/A5002817441,https://openalex.org/A5024329977,1
https://openalex.org/A5003313372,https://openalex.org/A5007683358,1
https://openalex.org/A5003313372,https://openalex.org/A5019746332,1
https://openalex.org/A5003313372,https://openalex.org/A5019804454,1
https://openalex.org/A5003313372,https://openalex.org/A5022773897,1
https://openalex.org/A5003313372,https://openalex.org/A5023301167,2
https://openalex.org/A5003313372,https://openalex.org/A5028496204,1
https://openalex.org/A5003313372,https://openalex.org/A5028612850,1
https://openalex.org/A5003313372,https://openalex.org/A5029268482,1
https://openalex.org/A5003313372,https://openalex.org/A5031650084,1
https://openalex.org/A5003313372,https://openalex.org/A5035816874,1
https://openalex.org/A5003313372,https://openalex.org/A5050293303,1
https://openalex.org/A5003313372,https://openalex.org/A5051657599,1
https://openalex.org/A5003313372,https://openalex.org/A5052037569,1
https://openalex.org/A5003313372,https://openalex.org/A5056769433,1
https://openalex.org/A5003313372,https://openalex.org/A5058765335,1
https://openalex.org/A5003313372,https://openalex.org/A5061146101,1
https://openalex.org/A5003313372,https://openalex.org/A5063779850,1
https://openalex.org/A5003313372,https://openalex.org/A5067322923,1
https://openalex.org/A5003313372,https://openalex.org/A5069596316,1
https://openalex.org/A5003313372,https://openalex.org/A5073869040,1
https://openalex.org/A5003313372,https://openalex.org/A5079884758,1
https://openalex.org/A5003313372,https://openalex.org/A5092585408,1
https://openalex.org/A5003313372,https://openalex.org/A5093509442,1
https://openalex.org/A5003313372,https://openalex.org/A5101773482,1
https://openalex.org/A5003313372,https://openalex.org/A5113022324,1
https://openalex.org/A5003500208,https://openalex.org/A5037752946,1
https://openalex.org/A5003500208,https://openalex.org/A5056769433,1
https://openalex.org/A5003500208,https://openalex.org/A5082294586,1
https://openalex.org/A5003500208,https://openalex.org/A5092932421,1
https://openalex.org/A5003500208,https://openalex.org/A5092932422,1
https://openalex.org/A5003529654,https://openalex.org/A5005442910,4
https://openalex.org/A5003529654,https://openalex.org/A5037031804,2
https://openalex.org/A5003529654,https://openalex.org/A5039270416,2
https://openalex.org/A5003529654,https://openalex.org/A5051072292,2
https://openalex.org/A5003529654,https://openalex.org/A5061014073,2
https://openalex.org/A5003529654,https://openalex.org/A5076730877,2
https://openalex.org/A5003529654,https://openalex.org/A5087924932,2
https://openalex.org/A5003623969,https://openalex.org/A5014423696,1
https://openalex.org/A5003623969,https://openalex.org/A5050571686,1
https://openalex.org/A5003623969,https://openalex.org/A5108635425,1
https://openalex.org/A5003843190,https://openalex.org/A5018124581,1
https://openalex.org/A5003843190,https://openalex.org/A5020689109,1
https://openalex.org/A5003843190,https://openalex.org/A5065608207,1
https://openalex.org/A5003843190,https://openalex.org/A5069151984,1
https://openalex.org/A5003843190,https://openalex.org/A5085453319,2
https://openalex.org/A5003937293,https://openalex.org/A5053875563,2
https://openalex.org/A5004282358,https://openalex.org/A5008942195,3
https://openalex.org/A5004282358,https://openalex.org/A5025241450,3
https://openalex.org/A5004282358,https://openalex.org/A5033951003,1
https://openalex.org/A5004299448,https://openalex.org/A5073732963,1
https://openalex.org/A5004470031,https://openalex.org/A5067495229,2
https://openalex.org/A5004481882,https://openalex.org/A5054032260,1
https://openalex.org/A5004508090,https://openalex.org/A5056662160,2
https://openalex.org/A5004527514,https://openalex.org/A5066973790,1
https://openalex.org/A5004561882,https://openalex.org/A5008643091,1
https://openalex.org/A5004782588,https://openalex.org/A5020612881,1
https://openalex.org/A5004782588,https://openalex.org/A5056811592,1
https://openalex.org/A5004782588,https://openalex.org/A5086606169,5
https://openalex.org/A5004908220,https://openalex.org/A5051690784,3
https://openalex.org/A5004908220,https://openalex.org/A5055850531,2
https://openalex.org/A5004908220,https://openalex.org/A5111673029,2
https://openalex.org/A5005005203,https://openalex.org/A5013786278,1
https://openalex.org/A5005035504,https://openalex.org/A5056769433,4
https://openalex.org/A5005035504,https://openalex.org/A5062361482,1
https://openalex.org/A5005035504,https://openalex.org/A5063428555,1
https://openalex.org/A5005035504,https://openalex.org/A5075234713,1
https://openalex.org/A5005035504,https://openalex.org/A5082294586,1
https://openalex.org/A5005035504,https://openalex.org/A5112303674,2
https://openalex.org/A5005086854,https://openalex.org/A5007012217,1
https://openalex.org/A5005086854,https://openalex.org/A5008258666,2
https://openalex.org/A5005086854,https://openalex.org/A5033022743,1
https://openalex.org/A5005144256,https://openalex.org/A5045970678,1
https://openalex.org/A5005208408,https://openalex.org/A5007352298,1
https://openalex.org/A5005208408,https://openalex.org/A5016221302,1
https://openalex.org/A5005208408,https://openalex.org/A5030319986,1
https://openalex.org/A5005208408,https://openalex.org/A5047733534,1
https://openalex.org/A5005208408,https://openalex.org/A5065223965,1
https://openalex.org/A5005208408,https://openalex.org/A5071035630,1
https://openalex.org/A5005208408,https://openalex.org/A5071406761,1
https://openalex.org/A5005208408,https://openalex.org/A5072751038,1
https://openalex.org/A5005227755,https://openalex.org/A5047005401,2
https://openalex.org/A5005327758,https://openalex.org/A5010332312,1
https://openalex.org/A5005327758,https://openalex.org/A5011110306,1
https://openalex.org/A5005327758,https://openalex.org/A5023622755,1
https://openalex.org/A5005327758,https://openalex.org/A5025167737,1
https://openalex.org/A5005327758,https://openalex.org/A5028496204,1
https://openalex.org/A5005327758,https://openalex.org/A5032251517,1
https://openalex.org/A5005327758,https://openalex.org/A5055892702,1
https://openalex.org/A5005327758,https://openalex.org/A5086425290,1
https://openalex.org/A5005327758,https://openalex.org/A5093130144,1
https://openalex.org/A5005327758,https://openalex.org/A5093928936,1
https://openalex.org/A5005406915,https://openalex.org/A5046362429,1
https://openalex.org/A5005406915,https://openalex.org/A5048653799,1
https://openalex.org/A5005406915,https://openalex.org/A5056769433,1
https://openalex.org/A5005406915,https://openalex.org/A5064101767,1
https://openalex.org/A5005406915,https://openalex.org/A5079766432,1
https://openalex.org/A5005406915,https://openalex.org/A5099295752,1
https://openalex.org/A5005442910,https://openalex.org/A5011281184,2
https://openalex.org/A5005442910,https://openalex.org/A5012577568,1
https://openalex.org/A5005442910,https://openalex.org/A5014420541,4
https://openalex.org/A5005442910,https://openalex.org/A5015117836,4
https://openalex.org/A5005442910,https://openalex.org/A5017422174,1
https://openalex.org/A5005442910,https://openalex.org/A5019531234,1
https://openalex.org/A5005442910,https://openalex.org/A5020915544,2
https://openalex.org/A5005442910,https://openalex.org/A5023147101,3
https://openalex.org/A5005442910,https://openalex.org/A5024066420,1
https://openalex.org/A5005442910,https://openalex.org/A5025463564,1
https://openalex.org/A5005442910,https://openalex.org/A5031012347,4
https://openalex.org/A5005442910,https://openalex.org/A5031396438,2
https://openalex.org/A5005442910,https://openalex.org/A5035264951,1
https://openalex.org/A5005442910,https://openalex.org/A5035779224,2
https://openalex.org/A5005442910,https://openalex.org/A5035816119,2
https://openalex.org/A5005442910,https://openalex.org/A5037031804,2
https://openalex.org/A5005442910,https://openalex.org/A5038908169,1
https://openalex.org/A5005442910,https://openalex.org/A5039270416,4
https://openalex.org/A5005442910,https://openalex.org/A5041791430,4
https://openalex.org/A5005442910,https://openalex.org/A5042365548,2
https://openalex.org/A5005442910,https://openalex.org/A5042955545,1
https://openalex.org/A5005442910,https://openalex.org/A5046702972,2
https://openalex.org/A5005442910,https://openalex.org/A5051072292,4
https://openalex.org/A5005442910,https://openalex.org/A5055325602,1
https://openalex.org/A5005442910,https://openalex.org/A5057402549,1
https://openalex.org/A5005442910,https://openalex.org/A5059887002,2
https://openalex.org/A5005442910,https://openalex.org/A5061014073,7
https://openalex.org/A5005442910,https://openalex.org/A5063057843,2
https://openalex.org/A5005442910,https://openalex.org/A5066088297,2
https://openalex.org/A5005442910,https://openalex.org/A5071141709,2
https://openalex.org/A5005442910,https://openalex.org/A5076044489,2
https://openalex.org/A5005442910,https://openalex.org/A5076298533,3
https://openalex.org/A5005442910,https://openalex.org/A5076730877,4
https://openalex.org/A5005442910,https://openalex.org/A5078865475,4
https://openalex.org/A5005442910,https://openalex.org/A5080359028,1
https://openalex.org/A5005442910,https://openalex.org/A5080437441,1
https://openalex.org/A5005442910,https://openalex.org/A5085440736,4
https://openalex.org/A5005442910,https://openalex.org/A5086405997,1
https://openalex.org/A5005442910,https://openalex.org/A5087924932,2
https://openalex.org/A5005442910,https://openalex.org/A5091206098,1
https://openalex.org/A5005442910,https://openalex.org/A5092807227,1
https://openalex.org/A5005442910,https://openalex.org/A5097398018,1
https://openalex.org/A5005442910,https://openalex.org/A5108978721,1
https://openalex.org/A5005442910,https://openalex.org/A5111311786,1
https://openalex.org/A5005442910,https://openalex.org/A5116570791,2
https://openalex.org/A5005520660,https://openalex.org/A5075373845,1
https://openalex.org/A5005562169,https://openalex.org/A5018644793,1
https://openalex.org/A5005562169,https://openalex.org/A5079191166,1
https://openalex.org/A5005705912,https://openalex.org/A5043554069,1
https://openalex.org/A5005705912,https://openalex.org/A5049187985,1
https://openalex.org/A5005705912,https://openalex.org/A5108261966,1
https://openalex.org/A5005729211,https://openalex.org/A5024565313,1
https://openalex.org/A5005729211,https://openalex.org/A5067428017,1
https://openalex.org/A5005866487,https://openalex.org/A5011574332,2
https://openalex.org/A5005866487,https://openalex.org/A5031987906,1
https://openalex.org/A5005866487,https://openalex.org/A5101773482,2
https://openalex.org/A5006013102,https://openalex.org/A5017199249,1
https://openalex.org/A5006013102,https://openalex.org/A5033811616,1
https://openalex.org/A5006013102,https://openalex.org/A5056783610,1
https://openalex.org/A5006019707,https://openalex.org/A5067428017,1
https://openalex.org/A5006397643,https://openalex.org/A5011179836,5
https://openalex.org/A5006397643,https://openalex.org/A5042872110,5
https://openalex.org/A5006397643,https://openalex.org/A5063615891,5
https://openalex.org/A5006397643,https://openalex.org/A5075508620,2
https://openalex.org/A5006613179,https://openalex.org/A5040740393,1
https://openalex.org/A5006613179,https://openalex.org/A5052131599,1
https://openalex.org/A5006692046,https://openalex.org/A5010384819,1
https://openalex.org/A5006702142,https://openalex.org/A5008805369,1
https://openalex.org/A5006702142,https://openalex.org/A5047475034,2
https://openalex.org/A5006702142,https://openalex.org/A5066533684,2
https://openalex.org/A5006702142,https://openalex.org/A5069533703,2
https://openalex.org/A5006702142,https://openalex.org/A5072924813,2
https://openalex.org/A5006702142,https://openalex.org/A5076597021,2
https://openalex.org/A5006702142,https://openalex.org/A5079958904,1
https://openalex.org/A5006702142,https://openalex.org/A5087069760,2
https://openalex.org/A5006702142,https://openalex.org/A5103361511,2
https://openalex.org/A5006702142,https://openalex.org/A5109189936,2
https://openalex.org/A5006702142,https://openalex.org/A5119061438,2
https://openalex.org/A5006702142,https://openalex.org/A5119061439,2
https://openalex.org/A5006702142,https://openalex.org/A5119061440,2
https://openalex.org/A5006702142,https://openalex.org/A5119061441,2
https://openalex.org/A5006702142,https://openalex.org/A5119061442,2
https://openalex.org/A5006702142,https://openalex.org/A5119061443,2
https://openalex.org/A5006795004,https://openalex.org/A5054250368,1
https://openalex.org/A5006795004,https://openalex.org/A5089051533,1
https://openalex.org/A5006858233,https://openalex.org/A5028039281,1
https://openalex.org/A5006858233,https://openalex.org/A5068856434,1
https://openalex.org/A5006986846,https://openalex.org/A5051748253,2
https://openalex.org/A5007012217,https://openalex.org/A5008258666,1
https://openalex.org/A5007093638,https://openalex.org/A5011574332,3
https://openalex.org/A5007093638,https://openalex.org/A5013264169,1
https://openalex.org/A5007093638,https://openalex.org/A5029268482,3
https://openalex.org/A5007093638,https://openalex.org/A5050293303,2
https://openalex.org/A5007093638,https://openalex.org/A5060969779,2
https://openalex.org/A5007093638,https://openalex.org/A5066839118,1
https://openalex.org/A5007093638,https://openalex.org/A5101773482,4
https://openalex.org/A5007104979,https://openalex.org/A5053907266,1
https://openalex.org/A5007104979,https://openalex.org/A5056769433,1
https://openalex.org/A5007104979,https://openalex.org/A5074812636,1
https://openalex.org/A5007104979,https://openalex.org/A5077133055,1
https://openalex.org/A5007104979,https://openalex.org/A5084651023,1
https://openalex.org/A5007149607,https://openalex.org/A5043554069,1
https://openalex.org/A5007149607,https://openalex.org/A5108261966,1
https://openalex.org/A5007149607,https://openalex.org/A5112337293,1
https://openalex.org/A5007163064,https://openalex.org/A5020943546,1
https://openalex.org/A5007163064,https://openalex.org/A5043554069,1
https://openalex.org/A5007163064,https://openalex.org/A5079722775,1
https://openalex.org/A5007163064,https://openalex.org/A5103560366,1
https://openalex.org/A5007163064,https://openalex.org/A5108261966,1
https://openalex.org/A5007163064,https://openalex.org/A5112337293,1
https://openalex.org/A5007175971,https://openalex.org/A5043289214,1
https://openalex.org/A5007352298,https://openalex.org/A5016221302,1
https://openalex.org/A5007352298,https://openalex.org/A5030319986,1
https://openalex.org/A5007352298,https://openalex.org/A5047733534,1
https://openalex.org/A5007352298,https://openalex.org/A5065223965,1
https://openalex.org/A5007352298,https://openalex.org/A5071035630,1
https://openalex.org/A5007352298,https://openalex.org/A5071406761,1
https://openalex.org/A5007352298,https://openalex.org/A5072751038,1
https://openalex.org/A5007359274,https://openalex.org/A5021107751,1
https://openalex.org/A5007359274,https://openalex.org/A5027332605,1
https://openalex.org/A5007359274,https://openalex.org/A5071406761,1
https://openalex.org/A5007418692,https://openalex.org/A5008258666,2
https://openalex.org/A5007525537,https://openalex.org/A5017294113,1
https://openalex.org/A5007563137,https://openalex.org/A5056769433,1
https://openalex.org/A5007563137,https://openalex.org/A5067027569,1
https://openalex.org/A5007563137,https://openalex.org/A5087539048,1
https://openalex.org/A5007683358,https://openalex.org/A5019692910,1
https://openalex.org/A5007683358,https://openalex.org/A5019804454,1
https://openalex.org/A5007683358,https://openalex.org/A5022773897,1
https://openalex.org/A5007683358,https://openalex.org/A5023301167,1
https://openalex.org/A5007683358,https://openalex.org/A5028612850,1
https://openalex.org/A5007683358,https://openalex.org/A5029268482,1
https://openalex.org/A5007683358,https://openalex.org/A5031650084,1
https://openalex.org/A5007683358,https://openalex.org/A5032596103,2
https://openalex.org/A5007683358,https://openalex.org/A5035816874,1
https://openalex.org/A5007683358,https://openalex.org/A5050293303,1
https://openalex.org/A5007683358,https://openalex.org/A5051657599,1
https://openalex.org/A5007683358,https://openalex.org/A5056769433,2
https://openalex.org/A5007683358,https://openalex.org/A5058765335,1
https://openalex.org/A5007683358,https://openalex.org/A5061146101,2
https://openalex.org/A5007683358,https://openalex.org/A5063779850,9
https://openalex.org/A5007683358,https://openalex.org/A5067322923,1
https://openalex.org/A5007683358,https://openalex.org/A5069596316,1
https://openalex.org/A5007683358,https://openalex.org/A5078245654,1
https://openalex.org/A5007683358,https://openalex.org/A5079884758,1
https://openalex.org/A5007683358,https://openalex.org/A5086630717,2
https://openalex.org/A5007683358,https://openalex.org/A5092585408,1
https://openalex.org/A5007683358,https://openalex.org/A5101773482,2
https://openalex.org/A5007825812,https://openalex.org/A5028978329,1
https://openalex.org/A5007825812,https://openalex.org/A5091706046,1
https://openalex.org/A5007899288,https://openalex.org/A5103903973,1
https://openalex.org/A5008109897,https://openalex.org/A5061014073,12
https://openalex.org/A5008109897,https://openalex.org/A5068832531,5
https://openalex.org/A5008215779,https://openalex.org/A5038921157,1
https://openalex.org/A5008247374,https://openalex.org/A5040675427,2
https://openalex.org/A5008247374,https://openalex.org/A5051657599,2
https://openalex.org/A5008258666,https://openalex.org/A5029248508,1
https://openalex.org/A5008258666,https://openalex.org/A5031487109,6
https://openalex.org/A5008258666,https://openalex.org/A5033022743,1
https://openalex.org/A5008258666,https://openalex.org/A5040780850,1
https://openalex.org/A5008258666,https://openalex.org/A5042583610,1
https://openalex.org/A5008258666,https://openalex.org/A5043313565,1
https://openalex.org/A5008258666,https://openalex.org/A5048653799,1
https://openalex.org/A5008258666,https://openalex.org/A5053128267,1
https://openalex.org/A5008258666,https://openalex.org/A5056769433,3
https://openalex.org/A5008258666,https://openalex.org/A5061014073,5
https://openalex.org/A5008258666,https://openalex.org/A5073761642,2
https://openalex.org/A5008258666,https://openalex.org/A5082985077,3
https://openalex.org/A5008258666,https://openalex.org/A5083084172,1
https://openalex.org/A5008258666,https://openalex.org/A5093559383,1
https://openalex.org/A5008258666,https://openalex.org/A5099295752,1
https://openalex.org/A5008258666,https://openalex.org/A5111632799,1
https://openalex.org/A5008258666,https://openalex.org/A5112337293,1
https://openalex.org/A5008258666,https://openalex.org/A5115779817,1
https://openalex.org/A5008258666,https://openalex.org/A5115779818,2
https://openalex.org/A5008258666,https://openalex.org/A5115779819,1
https://openalex.org/A5008289854,https://openalex.org/A5012324792,1
https://openalex.org/A5008289854,https://openalex.org/A5017422174,1
https://openalex.org/A5008289854,https://openalex.org/A5026438785,1
https://openalex.org/A5008289854,https://openalex.org/A5027286465,1
https://openalex.org/A5008289854,https://openalex.org/A5055160117,1
https://openalex.org/A5008289854,https://openalex.org/A5061801321,1
https://openalex.org/A5008289854,https://openalex.org/A5066379259,1
https://openalex.org/A5008289854,https://openalex.org/A5077774191,1
https://openalex.org/A5008289854,https://openalex.org/A5111007676,1
https://openalex.org/A5008289854,https://openalex.org/A5112776766,1
https://openalex.org/A5008289854,https://openalex.org/A5112958220,1
https://openalex.org/A5008316499,https://openalex.org/A5051775910,1
https://openalex.org/A5008316499,https://openalex.org/A5069808535,1
https://openalex.org/A5008316499,https://openalex.org/A5091624479,1
https://openalex.org/A5008643091,https://openalex.org/A5082262931,1
https://openalex.org/A5008737910,https://openalex.org/A5040740393,1
https://openalex.org/A5008737910,https://openalex.org/A5067240326,1
https://openalex.org/A5008737910,https://openalex.org/A5067428017,1
https://openalex.org/A5008740522,https://openalex.org/A5038962834,1
https://openalex.org/A5008805369,https://openalex.org/A5024454579,2
https://openalex.org/A5008805369,https://openalex.org/A5031702979,2
https://openalex.org/A5008805369,https://openalex.org/A5047475034,1
https://openalex.org/A5008805369,https://openalex.org/A5047897029,2
https://openalex.org/A5008805369,https://openalex.org/A5066533684,3
https://openalex.org/A5008805369,https://openalex.org/A5069533703,1
https://openalex.org/A5008805369,https://openalex.org/A5072924813,1
https://openalex.org/A5008805369,https://openalex.org/A5076597021,1
https://openalex.org/A5008805369,https://openalex.org/A5087069760,1
https://openalex.org/A5008805369,https://openalex.org/A5089798637,2
https://openalex.org/A5008805369,https://openalex.org/A5103361511,1
https://openalex.org/A5008805369,https://openalex.org/A5109189936,1
https://openalex.org/A5008805369,https://openalex.org/A5116582244,2
https://openalex.org/A5008805369,https://openalex.org/A5119061438,1
https://openalex.org/A5008805369,https://openalex.org/A5119061439,1
https://openalex.org/A5008805369,https://openalex.org/A5119061440,1
https://openalex.org/A5008805369,https://openalex.org/A5119061441,1
https://openalex.org/A5008805369,https://openalex.org/A5119061442,1
https://openalex.org/A5008805369,https://openalex.org/A5119061443,1
https://openalex.org/A5008808725,https://openalex.org/A5020347026,2
https://openalex.org/A5008846462,https://openalex.org/A5052599957,1
https://openalex.org/A5008846462,https://openalex.org/A5055850531,2
https://openalex.org/A5008846462,https://openalex.org/A5086662428,1
https://openalex.org/A5008942195,https://openalex.org/A5025241450,4
https://openalex.org/A5008942195,https://openalex.org/A5033160841,2
https://openalex.org/A5008942195,https://openalex.org/A5077809014,1
https://openalex.org/A5009005384,https://openalex.org/A5088969790,1
https://openalex.org/A5009029883,https://openalex.org/A5050571686,3
https://openalex.org/A5009029883,https://openalex.org/A5108635425,3
https://openalex.org/A5009179454,https://openalex.org/A5018644793,1
https://openalex.org/A5009179454,https://openalex.org/A5027229439,1
https://openalex.org/A5009179454,https://openalex.org/A5028757481,1
https://openalex.org/A5009179454,https://openalex.org/A5036323249,1
https://openalex.org/A5009179454,https://openalex.org/A5070237145,1
https://openalex.org/A5009179454,https://openalex.org/A5079191166,2
https://openalex.org/A5009389908,https://openalex.org/A5064670296,1
https://openalex.org/A5009659175,https://openalex.org/A5111731491,1
https://openalex.org/A5009748271,https://openalex.org/A5026635387,1
https://openalex.org/A5009748271,https://openalex.org/A5037512983,4
https://openalex.org/A5009748271,https://openalex.org/A5067759878,4
https://openalex.org/A5009748271,https://openalex.org/A5077245301,1
https://openalex.org/A5009748271,https://openalex.org/A5081104338,2
https://openalex.org/A5009748271,https://openalex.org/A5088666995,2
https://openalex.org/A5009748271,https://openalex.org/A5104453572,2
https://openalex.org/A5010028386,https://openalex.org/A5108421136,1
https://openalex.org/A5010051949,https://openalex.org/A5020005712,1
https://openalex.org/A5010051949,https://openalex.org/A5043554069,1
https://openalex.org/A5010069987,https://openalex.org/A5065724004,1
https://openalex.org/A5010099259,https://openalex.org/A5042292435,1
https://openalex.org/A5010099259,https://openalex.org/A5043554069,1
https://openalex.org/A5010099259,https://openalex.org/A5075398663,1
https://openalex.org/A5010099259,https://openalex.org/A5112337293,1
https://openalex.org/A5010174378,https://openalex.org/A5056662160,1
https://openalex.org/A5010174378,https://openalex.org/A5082732820,1
https://openalex.org/A5010174378,https://openalex.org/A5087525753,1
https://openalex.org/A5010281850,https://openalex.org/A5045755131,1
https://openalex.org/A5010332312,https://openalex.org/A5011110306,1
https://openalex.org/A5010332312,https://openalex.org/A5023622755,1
https://openalex.org/A5010332312,https://openalex.org/A5025167737,1
https://openalex.org/A5010332312,https://openalex.org/A5028496204,1
https://openalex.org/A5010332312,https://openalex.org/A5032251517,1
https://openalex.org/A5010332312,https://openalex.org/A5055892702,1
https://openalex.org/A5010332312,https://openalex.org/A5086425290,1
https://openalex.org/A5010384819,https://openalex.org/A5083562384,1
https://openalex.org/A5010386120,https://openalex.org/A5014844476,1
https://openalex.org/A5010386120,https://openalex.org/A5034522316,1
https://openalex.org/A5010386120,https://openalex.org/A5056769433,1
https://openalex.org/A5010386120,https://openalex.org/A5062155134,1
https://openalex.org/A5010748518,https://openalex.org/A5060885814,1
https://openalex.org/A5010912347,https://openalex.org/A5060881094,1
https://openalex.org/A5010956523,https://openalex.org/A5014493313,1
https://openalex.org/A5010956523,https://openalex.org/A5018644793,1
https://openalex.org/A5010956523,https://openalex.org/A5021566891,1
https://openalex.org/A5010956523,https://openalex.org/A5033601686,1
https://openalex.org/A5010956523,https://openalex.org/A5040550394,1
https://openalex.org/A5010956523,https://openalex.org/A5051060684,1
https://openalex.org/A5010956523,https://openalex.org/A5053461203,1
https://openalex.org/A5010956523,https://openalex.org/A5075621921,1
https://openalex.org/A5010956523,https://openalex.org/A5091193840,1
https://openalex.org/A5010956523,https://openalex.org/A5103593452,1
https://openalex.org/A5011110306,https://openalex.org/A5023622755,1
https://openalex.org/A5011110306,https://openalex.org/A5025167737,1
https://openalex.org/A5011110306,https://openalex.org/A5028496204,1
https://openalex.org/A5011110306,https://openalex.org/A5032251517,1
https://openalex.org/A5011110306,https://openalex.org/A5055892702,1
https://openalex.org/A5011110306,https://openalex.org/A5086425290,1
https://openalex.org/A5011169210,https://openalex.org/A5051298240,1
https://openalex.org/A5011169210,https://openalex.org/A5073732820,1
https://openalex.org/A5011179836,https://openalex.org/A5042872110,6
https://openalex.org/A5011179836,https://openalex.org/A5063615891,5
https://openalex.org/A5011179836,https://openalex.org/A5075508620,5
https://openalex.org/A5011179836,https://openalex.org/A5086978977,2
https://openalex.org/A5011179836,https://openalex.org/A5088153574,1
https://openalex.org/A5011200423,https://openalex.org/A5088781280,1
https://openalex.org/A5011216809,https://openalex.org/A5063217512,1
https://openalex.org/A5011318748,https://openalex.org/A5063801367,10
https://openalex.org/A5011322669,https://openalex.org/A5016366570,1
https://openalex.org/A5011322669,https://openalex.org/A5022499500,1
https://openalex.org/A5011322669,https://openalex.org/A5067362763,1
https://openalex.org/A5011574332,https://openalex.org/A5013264169,1
https://openalex.org/A5011574332,https://openalex.org/A5021741751,1
https://openalex.org/A5011574332,https://openalex.org/A5029268482,5
https://openalex.org/A5011574332,https://openalex.org/A5031987906,1
https://openalex.org/A5011574332,https://openalex.org/A5037294703,3
https://openalex.org/A5011574332,https://openalex.org/A5044195647,1
https://openalex.org/A5011574332,https://openalex.org/A5050293303,2
https://openalex.org/A5011574332,https://openalex.org/A5053824865,1
https://openalex.org/A5011574332,https://openalex.org/A5055763021,1
https://openalex.org/A5011574332,https://openalex.org/A5057019646,1
https://openalex.org/A5011574332,https://openalex.org/A5057147032,1
https://openalex.org/A5011574332,https://openalex.org/A5060530451,2
https://openalex.org/A5011574332,https://openalex.org/A5060565977,1
https://openalex.org/A5011574332,https://openalex.org/A5060762635,1
https://openalex.org/A5011574332,https://openalex.org/A5060969779,2
https://openalex.org/A5011574332,https://openalex.org/A5061146101,2
https://openalex.org/A5011574332,https://openalex.org/A5066533684,1
https://openalex.org/A5011574332,https://openalex.org/A5066839118,2
https://openalex.org/A5011574332,https://openalex.org/A5073869040,1
https://openalex.org/A5011574332,https://openalex.org/A5074519528,1
https://openalex.org/A5011574332,https://openalex.org/A5084651023,1
https://openalex.org/A5011574332,https://openalex.org/A5088583930,1
https://openalex.org/A5011574332,https://openalex.org/A5090947512,1
https://openalex.org/A5011574332,https://openalex.org/A5093029401,1
https://openalex.org/A5011574332,https://openalex.org/A5093483613,1
https://openalex.org/A5011574332,https://openalex.org/A5093483614,1
https://openalex.org/A5011574332,https://openalex.org/A5101773482,24
https://openalex.org/A5011574332,https://openalex.org/A5101773484,1
https://openalex.org/A5011574332,https://openalex.org/A5102591730,1
https://openalex.org/A5011673190,https://openalex.org/A5050035718,1
https://openalex.org/A5011776242,https://openalex.org/A5091628999,2
https://openalex.org/A5011837472,https://openalex.org/A5058717825,1
https://openalex.org/A5012010842,https://openalex.org/A5029468914,1
https://openalex.org/A5012126697,https://openalex.org/A5038921157,1
https://openalex.org/A5012128604,https://openalex.org/A5032400851,1
https://openalex.org/A5012128604,https://openalex.org/A5069808535,1
https://openalex.org/A5012128604,https://openalex.org/A5073489218,1
https://openalex.org/A5012253435,https://openalex.org/A5076041556,1
https://openalex.org/A5012324792,https://openalex.org/A5017422174,1
https://openalex.org/A5012324792,https://openalex.org/A5026438785,1
https://openalex.org/A5012324792,https://openalex.org/A5027286465,1
https://openalex.org/A5012324792,https://openalex.org/A5055160117,1
https://openalex.org/A5012324792,https://openalex.org/A5061801321,1
https://openalex.org/A5012324792,https://openalex.org/A5066379259,1
https://openalex.org/A5012324792,https://openalex.org/A5077774191,1
https://openalex.org/A5012324792,https://openalex.org/A5111007676,1
https://openalex.org/A5012324792,https://openalex.org/A5112776766,1
https://openalex.org/A5012324792,https://openalex.org/A5112958220,1
https://openalex.org/A5012369935,https://openalex.org/A5059376447,1
https://openalex.org/A5012401304,https://openalex.org/A5038962834,2
https://openalex.org/A5012401304,https://openalex.org/A5060086711,1
https://openalex.org/A5012427819,https://openalex.org/A5015283240,1
https://openalex.org/A5012427819,https://openalex.org/A5041356159,1
https://openalex.org/A5012427819,https://openalex.org/A5089512509,1
https://openalex.org/A5012433052,https://openalex.org/A5015116103,1
https://openalex.org/A5012433052,https://openalex.org/A5020848775,1
https://openalex.org/A5012433052,https://openalex.org/A5057361102,1
https://openalex.org/A5012433052,https://openalex.org/A5062890780,1
https://openalex.org/A5012433052,https://openalex.org/A5063649884,1
https://openalex.org/A5012433052,https://openalex.org/A5069697591,1
https://openalex.org/A5012433052,https://openalex.org/A5087186493,1
https://openalex.org/A5012433052,https://openalex.org/A5109283962,1
https://openalex.org/A5012441230,https://openalex.org/A5046947805,1
https://openalex.org/A5012577568,https://openalex.org/A5046702972,1
https://openalex.org/A5012577568,https://openalex.org/A5057402549,1
https://openalex.org/A5012741174,https://openalex.org/A5061014073,5
https://openalex.org/A5012747495,https://openalex.org/A5086743066,2
https://openalex.org/A5012966294,https://openalex.org/A5013885113,1
https://openalex.org/A5013003971,https://openalex.org/A5038962834,2
https://openalex.org/A5013071699,https://openalex.org/A5013440016,1
https://openalex.org/A5013125774,https://openalex.org/A5082583904,1
https://openalex.org/A5013125774,https://openalex.org/A5114119722,1
https://openalex.org/A5013202135,https://openalex.org/A5019803594,1
https://openalex.org/A5013202135,https://openalex.org/A5056769433,1
https://openalex.org/A5013202135,https://openalex.org/A5087941429,1
https://openalex.org/A5013264169,https://openalex.org/A5029268482,1
https://openalex.org/A5013264169,https://openalex.org/A5050293303,1
https://openalex.org/A5013264169,https://openalex.org/A5060969779,1
https://openalex.org/A5013264169,https://openalex.org/A5063428555,1
https://openalex.org/A5013264169,https://openalex.org/A5066979215,1
https://openalex.org/A5013264169,https://openalex.org/A5081107152,1
https://openalex.org/A5013264169,https://openalex.org/A5101773482,1
https://openalex.org/A5013370934,https://openalex.org/A5051775910,1
https://openalex.org/A5013370934,https://openalex.org/A5090601251,1
https://openalex.org/A5013440016,https://openalex.org/A5052123631,2
https://openalex.org/A5013538666,https://openalex.org/A5018644793,1
https://openalex.org/A5013538666,https://openalex.org/A5037248357,1
https://openalex.org/A5013538666,https://openalex.org/A5079191166,1
https://openalex.org/A5013553549,https://openalex.org/A5074750395,1
https://openalex.org/A5013622038,https://openalex.org/A5018221914,1
https://openalex.org/A5013622038,https://openalex.org/A5066669046,1
https://openalex.org/A5013622038,https://openalex.org/A5083237308,1
https://openalex.org/A5013622038,https://openalex.org/A5108400765,1
https://openalex.org/A5013906308,https://openalex.org/A5077875629,1
https://openalex.org/A5014016541,https://openalex.org/A5039340931,2
https://openalex.org/A5014016541,https://openalex.org/A5051838322,2
https://openalex.org/A5014016541,https://openalex.org/A5069421801,1
https://openalex.org/A5014016541,https://openalex.org/A5079799697,1
https://openalex.org/A5014295990,https://openalex.org/A5026126758,1
https://openalex.org/A5014420541,https://openalex.org/A5015117836,4
https://openalex.org/A5014420541,https://openalex.org/A5063057843,2
https://openalex.org/A5014420541,https://openalex.org/A5066088297,2
https://openalex.org/A5014420541,https://openalex.org/A5085440736,4
https://openalex.org/A5014423696,https://openalex.org/A5043053937,2
https://openalex.org/A5014423696,https://openalex.org/A5050571686,2
https://openalex.org/A5014423696,https://openalex.org/A5108635425,5
https://openalex.org/A5014493313,https://openalex.org/A5018644793,3
https://openalex.org/A5014493313,https://openalex.org/A5021566891,1
https://openalex.org/A5014493313,https://openalex.org/A5025495404,1
https://openalex.org/A5014493313,https://openalex.org/A5033601686,2
https://openalex.org/A5014493313,https://openalex.org/A5040550394,1
https://openalex.org/A5014493313,https://openalex.org/A5042763858,1
https://openalex.org/A5014493313,https://openalex.org/A5051060684,1
https://openalex.org/A5014493313,https://openalex.org/A5053461203,1
https://openalex.org/A5014493313,https://openalex.org/A5075621921,1
https://openalex.org/A5014493313,https://openalex.org/A5088134184,1
https://openalex.org/A5014493313,https://openalex.org/A5089694443,1
https://openalex.org/A5014493313,https://openalex.org/A5091193840,1
https://openalex.org/A5014493313,https://openalex.org/A5103593452,3
https://openalex.org/A5014678290,https://openalex.org/A5053907266,2
https://openalex.org/A5014678290,https://openalex.org/A5099341190,1
https://openalex.org/A5014768522,https://openalex.org/A5042966198,1
https://openalex.org/A5014768522,https://openalex.org/A5043975863,1
https://openalex.org/A5014768522,https://openalex.org/A5119706431,1
https://openalex.org/A5014768522,https://openalex.org/A5119706432,1
https://openalex.org/A5014844476,https://openalex.org/A5034522316,1
https://openalex.org/A5014844476,https://openalex.org/A5056769433,1
https://openalex.org/A5014844476,https://openalex.org/A5062155134,1
https://openalex.org/A5015051907,https://openalex.org/A5041696209,1
https://openalex.org/A5015051907,https://openalex.org/A5056297807,1
https://openalex.org/A5015072960,https://openalex.org/A5090947512,1
https://openalex.org/A5015116103,https://openalex.org/A5020848775,1
https://openalex.org/A5015116103,https://openalex.org/A5057361102,1
https://openalex.org/A5015116103,https://openalex.org/A5062890780,1
https://openalex.org/A5015116103,https://openalex.org/A5063649884,1
https://openalex.org/A5015116103,https://openalex.org/A5069697591,1
https://openalex.org/A5015116103,https://openalex.org/A5087186493,1
https://openalex.org/A5015116103,https://openalex.org/A5109283962,1
https://openalex.org/A5015117836,https://openalex.org/A5063057843,2
https://openalex.org/A5015117836,https://openalex.org/A5066088297,2
https://openalex.org/A5015117836,https://openalex.org/A5085440736,4
https://openalex.org/A5015283240,https://openalex.org/A5041356159,1
https://openalex.org/A5015283240,https://openalex.org/A5089512509,1
https://openalex.org/A5015503305,https://openalex.org/A5069920853,1
https://openalex.org/A5015503305,https://openalex.org/A5076932317,1
https://openalex.org/A5015503305,https://openalex.org/A5082466360,1
https://openalex.org/A5015516534,https://openalex.org/A5051243877,1
https://openalex.org/A5015521345,https://openalex.org/A5018644793,1
https://openalex.org/A5015521345,https://openalex.org/A5037248357,1
https://openalex.org/A5015521345,https://openalex.org/A5072199101,1
https://openalex.org/A5015521345,https://openalex.org/A5079191166,1
https://openalex.org/A5015540482,https://openalex.org/A5023599264,2
https://openalex.org/A5015540482,https://openalex.org/A5026401904,1
https://openalex.org/A5015540482,https://openalex.org/A5035191609,2
https://openalex.org/A5015540482,https://openalex.org/A5041550795,1
https://openalex.org/A5015540482,https://openalex.org/A5050743443,2
https://openalex.org/A5015540482,https://openalex.org/A5069070673,1
https://openalex.org/A5015540482,https://openalex.org/A5081642057,1
https://openalex.org/A5015610709,https://openalex.org/A5063428555,1
https://openalex.org/A5015610709,https://openalex.org/A5088310335,1
https://openalex.org/A5015728960,https://openalex.org/A5019772141,1
https://openalex.org/A5015728960,https://openalex.org/A5024773631,1
https://openalex.org/A5015728960,https://openalex.org/A5028173163,1
https://openalex.org/A5015728960,https://openalex.org/A5029092200,2
https://openalex.org/A5015728960,https://openalex.org/A5037328465,1
https://openalex.org/A5015728960,https://openalex.org/A5037706387,1
https://openalex.org/A5015728960,https://openalex.org/A5041202292,1
https://openalex.org/A5015728960,https://openalex.org/A5043554069,5
https://openalex.org/A5015728960,https://openalex.org/A5058765335,1
https://openalex.org/A5015728960,https://openalex.org/A5061905338,1
https://openalex.org/A5015728960,https://openalex.org/A5067938836,1
https://openalex.org/A5015728960,https://openalex.org/A5071861994,2
https://openalex.org/A5015728960,https://openalex.org/A5075398663,5
https://openalex.org/A5015728960,https://openalex.org/A5091223256,1
https://openalex.org/A5015728960,https://openalex.org/A5112337293,3
https://openalex.org/A5015728960,https://openalex.org/A5117823592,1
https://openalex.org/A5015728960,https://openalex.org/A5117823593,1
https://openalex.org/A5016221302,https://openalex.org/A5030319986,1
https://openalex.org/A5016221302,https://openalex.org/A5047733534,1
https://openalex.org/A5016221302,https://openalex.org/A5065223965,1
https://openalex.org/A5016221302,https://openalex.org/A5071035630,1
https://openalex.org/A5016221302,https://openalex.org/A5071406761,1
https://openalex.org/A5016221302,https://openalex.org/A5072751038,1
https://openalex.org/A5016230979,https://openalex.org/A5033025123,1
https://openalex.org/A5016230979,https://openalex.org/A5039738778,1
https://openalex.org/A5016230979,https://openalex.org/A5077453727,1
https://openalex.org/A5016230979,https://openalex.org/A5082836340,1
https://openalex.org/A5016230979,https://openalex.org/A5086311016,1
https://openalex.org/A5016294481,https://openalex.org/A5118140564,1
https://openalex.org/A5016294481,https://openalex.org/A5118140565,1
https://openalex.org/A5016294481,https://openalex.org/A5118140566,1
https://openalex.org/A5016294481,https://openalex.org/A5118198003,1
https://openalex.org/A5016366570,https://openalex.org/A5022499500,1
https://openalex.org/A5016366570,https://openalex.org/A5067362763,1
https://openalex.org/A5016531453,https://openalex.org/A5076145302,1
https://openalex.org/A5016531453,https://openalex.org/A5077820094,1
https://openalex.org/A5016541417,https://openalex.org/A5037752946,1
https://openalex.org/A5016541417,https://openalex.org/A5046362429,1
https://openalex.org/A5016541417,https://openalex.org/A5056769433,2
https://openalex.org/A5016541417,https://openalex.org/A5064101767,2
https://openalex.org/A5016541417,https://openalex.org/A5064505782,1
https://openalex.org/A5016541417,https://openalex.org/A5079766432,1
https://openalex.org/A5016541417,https://openalex.org/A5083084172,1
https://openalex.org/A5016541417,https://openalex.org/A5084032458,2
https://openalex.org/A5016541417,https://openalex.org/A5107039985,1
https://openalex.org/A5016541417,https://openalex.org/A5107039986,1
https://openalex.org/A5016541417,https://openalex.org/A5111318020,1
https://openalex.org/A5016541417,https://openalex.org/A5116005448,1
https://openalex.org/A5016690530,https://openalex.org/A5051690784,1
https://openalex.org/A5016690530,https://openalex.org/A5072563897,1
https://openalex.org/A5016690530,https://openalex.org/A5111673029,1
https://openalex.org/A5016764272,https://openalex.org/A5046041037,1
https://openalex.org/A5016764272,https://openalex.org/A5070195274,1
https://openalex.org/A5016794616,https://openalex.org/A5017958354,1
https://openalex.org/A5016794616,https://openalex.org/A5020099733,1
https://openalex.org/A5016794616,https://openalex.org/A5050288568,1
https://openalex.org/A5016918728,https://openalex.org/A5045970678,1
https://openalex.org/A5016923188,https://openalex.org/A5044210314,1
https://openalex.org/A5016923188,https://openalex.org/A5064154787,1
https://openalex.org/A5016923188,https://openalex.org/A5095746742,1
https://openalex.org/A5016923188,https://openalex.org/A5101338431,1
https://openalex.org/A5016923188,https://openalex.org/A5102650369,1
https://openalex.org/A5016923188,https://openalex.org/A5104282696,1
https://openalex.org/A5016976975,https://openalex.org/A5018720408,2
https://openalex.org/A5016976975,https://openalex.org/A5019956414,1
https://openalex.org/A5016976975,https://openalex.org/A5063428555,6
https://openalex.org/A5016976975,https://openalex.org/A5063445459,1
https://openalex.org/A5016976975,https://openalex.org/A5073869040,1
https://openalex.org/A5016976975,https://openalex.org/A5091209287,1
https://openalex.org/A5016976975,https://openalex.org/A5114164714,1
https://openalex.org/A5017053122,https://openalex.org/A5055228629,1
https://openalex.org/A5017053122,https://openalex.org/A5108635425,1
https://openalex.org/A5017070713,https://openalex.org/A5036409355,7
https://openalex.org/A5017070713,https://openalex.org/A5055474365,2
https://openalex.org/A5017070713,https://openalex.org/A5060720077,2
https://openalex.org/A5017070713,https://openalex.org/A5069562476,1
https://openalex.org/A5017070713,https://openalex.org/A5072067500,1
https://openalex.org/A5017070713,https://openalex.org/A5076319738,6
https://openalex.org/A5017128083,https://openalex.org/A5028804808,1
https://openalex.org/A5017128083,https://openalex.org/A5117396199,1
https://openalex.org/A5017155394,https://openalex.org/A5037889140,2
https://openalex.org/A5017199249,https://openalex.org/A5033811616,1
https://openalex.org/A5017199249,https://openalex.org/A5056783610,4
https://openalex.org/A5017402650,https://openalex.org/A5048653799,1
https://openalex.org/A5017402650,https://openalex.org/A5056769433,1
https://openalex.org/A5017422174,https://openalex.org/A5026438785,1
https://openalex.org/A5017422174,https://openalex.org/A5027286465,1
https://openalex.org/A5017422174,https://openalex.org/A5055160117,1
https://openalex.org/A5017422174,https://openalex.org/A5061801321,1
https://openalex.org/A5017422174,https://openalex.org/A5066379259,1
https://openalex.org/A5017422174,https://openalex.org/A5077774191,1
https://openalex.org/A5017422174,https://openalex.org/A5097398018,1
https://openalex.org/A5017422174,https://openalex.org/A5111007676,1
https://openalex.org/A5017422174,https://openalex.org/A5112776766,1
https://openalex.org/A5017422174,https://openalex.org/A5112958220,1
https://openalex.org/A5017465055,https://openalex.org/A5111880837,1
https://openalex.org/A5017504223,https://openalex.org/A5036705796,1
https://openalex.org/A5017504223,https://openalex.org/A5083222906,1
https://openalex.org/A5017504223,https://openalex.org/A5089319250,1
https://openalex.org/A5017556430,https://openalex.org/A5029932006,1
https://openalex.org/A5017556430,https://openalex.org/A5031650084,1
https://openalex.org/A5017556430,https://openalex.org/A5039034367,1
https://openalex.org/A5017556430,https://openalex.org/A5053796955,1
https://openalex.org/A5017556430,https://openalex.org/A5072890721,1
https://openalex.org/A5017556430,https://openalex.org/A5091683666,1
https://openalex.org/A5017762288,https://openalex.org/A5055359268,2
https://openalex.org/A5017762288,https://openalex.org/A5082017034,1
https://openalex.org/A5017775282,https://openalex.org/A5066606984,1
https://openalex.org/A5017775282,https://openalex.org/A5090947512,1
https://openalex.org/A5017933061,https://openalex.org/A5023664362,1
https://openalex.org/A5017933061,https://openalex.org/A5043975863,1
https://openalex.org/A5017944712,https://openalex.org/A5029708699,2
https://openalex.org/A5017958354,https://openalex.org/A5020099733,1
https://openalex.org/A5017958354,https://openalex.org/A5050288568,1
https://openalex.org/A5018058184,https://openalex.org/A5073732820,1
https://openalex.org/A5018124581,https://openalex.org/A5020689109,1
https://openalex.org/A5018124581,https://openalex.org/A5065608207,1
https://openalex.org/A5018124581,https://openalex.org/A5069151984,1
https://openalex.org/A5018124581,https://openalex.org/A5085453319,1
https://openalex.org/A5018190724,https://openalex.org/A5043737757,1
https://openalex.org/A5018221914,https://openalex.org/A5066669046,1
https://openalex.org/A5018221914,https://openalex.org/A5083237308,1
https://openalex.org/A5018221914,https://openalex.org/A5108400765,1
https://openalex.org/A5018307136,https://openalex.org/A5084166427,1
https://openalex.org/A5018568263,https://openalex.org/A5040780850,1
https://openalex.org/A5018568263,https://openalex.org/A5046362429,1
https://openalex.org/A5018568263,https://openalex.org/A5056769433,2
https://openalex.org/A5018568263,https://openalex.org/A5102085388,1
https://openalex.org/A5018644793,https://openalex.org/A5020005712,1
https://openalex.org/A5018644793,https://openalex.org/A5020230556,1
https://openalex.org/A5018644793,https://openalex.org/A5021083190,1
https://openalex.org/A5018644793,https://openalex.org/A5021566891,1
https://openalex.org/A5018644793,https://openalex.org/A5025495404,4
https://openalex.org/A5018644793,https://openalex.org/A5028757481,2
https://openalex.org/A5018644793,https://openalex.org/A5032751725,1
https://openalex.org/A5018644793,https://openalex.org/A5032955615,1
https://openalex.org/A5018644793,https://openalex.org/A5033601686,2
https://openalex.org/A5018644793,https://openalex.org/A5036323249,1
https://openalex.org/A5018644793,https://openalex.org/A5037248357,2
https://openalex.org/A5018644793,https://openalex.org/A5039519270,1
https://openalex.org/A5018644793,https://openalex.org/A5040550394,1
https://openalex.org/A5018644793,https://openalex.org/A5042214070,1
https://openalex.org/A5018644793,https://openalex.org/A5042763858,2
https://openalex.org/A5018644793,https://openalex.org/A5050840346,1
https://openalex.org/A5018644793,https://openalex.org/A5051060684,2
https://openalex.org/A5018644793,https://openalex.org/A5052482777,1
https://openalex.org/A5018644793,https://openalex.org/A5053461203,2
https://openalex.org/A5018644793,https://openalex.org/A5056662160,1
https://openalex.org/A5018644793,https://openalex.org/A5059328921,1
https://openalex.org/A5018644793,https://openalex.org/A5062496475,1
https://openalex.org/A5018644793,https://openalex.org/A5063312773,2
https://openalex.org/A5018644793,https://openalex.org/A5065801009,2
https://openalex.org/A5018644793,https://openalex.org/A5070237145,1
https://openalex.org/A5018644793,https://openalex.org/A5071245244,1
https://openalex.org/A5018644793,https://openalex.org/A5072199101,1
https://openalex.org/A5018644793,https://openalex.org/A5075621921,1
https://openalex.org/A5018644793,https://openalex.org/A5079191166,36
https://openalex.org/A5018644793,https://openalex.org/A5086166518,1
https://openalex.org/A5018644793,https://openalex.org/A5088134184,1
https://openalex.org/A5018644793,https://openalex.org/A5088932648,2
https://openalex.org/A5018644793,https://openalex.org/A5089694443,3
https://openalex.org/A5018644793,https://openalex.org/A5091193840,3
https://openalex.org/A5018644793,https://openalex.org/A5097511049,1
https://openalex.org/A5018644793,https://openalex.org/A5103274966,1
https://openalex.org/A5018644793,https://openalex.org/A5103593452,5
https://openalex.org/A5018720408,https://openalex.org/A5063428555,3
https://openalex.org/A5018775905,https://openalex.org/A5025004644,1
https://openalex.org/A5018775905,https://openalex.org/A5032400851,1
https://openalex.org/A5018775905,https://openalex.org/A5047705879,1
https://openalex.org/A5018843182,https://openalex.org/A5020005712,1
https://openalex.org/A5018996921,https://openalex.org/A5051398665,1
https://openalex.org/A5019306154,https://openalex.org/A5093666852,1
https://openalex.org/A5019413071,https://openalex.org/A5111080870,1
https://openalex.org/A5019425119,https://openalex.org/A5039544534,1
https://openalex.org/A5019425119,https://openalex.org/A5079998956,4
https://openalex.org/A5019425119,https://openalex.org/A5082732820,1
https://openalex.org/A5019425119,https://openalex.org/A5092814508,2
https://openalex.org/A5019425119,https://openalex.org/A5129868066,1
https://openalex.org/A5019531234,https://openalex.org/A5025463564,1
https://openalex.org/A5019531234,https://openalex.org/A5076044489,1
https://openalex.org/A5019531234,https://openalex.org/A5080437441,1
https://openalex.org/A5019746332,https://openalex.org/A5023301167,3
https://openalex.org/A5019746332,https://openalex.org/A5050642679,1
https://openalex.org/A5019746332,https://openalex.org/A5057019646,4
https://openalex.org/A5019746332,https://openalex.org/A5073278092,3
https://openalex.org/A5019746332,https://openalex.org/A5073869040,1
https://openalex.org/A5019746332,https://openalex.org/A5086842644,2
https://openalex.org/A5019746332,https://openalex.org/A5093509442,1
https://openalex.org/A5019761586,https://openalex.org/A5031022592,1
https://openalex.org/A5019761586,https://openalex.org/A5038921157,1
https://openalex.org/A5019761586,https://openalex.org/A5103399500,1
https://openalex.org/A5019772141,https://openalex.org/A5024773631,1
https://openalex.org/A5019772141,https://openalex.org/A5041202292,2
https://openalex.org/A5019772141,https://openalex.org/A5043554069,4
https://openalex.org/A5019772141,https://openalex.org/A5046426754,1
https://openalex.org/A5019772141,https://openalex.org/A5048946275,1
https://openalex.org/A5019772141,https://openalex.org/A5053846822,1
https://openalex.org/A5019772141,https://openalex.org/A5056660765,1
https://openalex.org/A5019772141,https://openalex.org/A5058765335,6
https://openalex.org/A5019772141,https://openalex.org/A5062317300,2
https://openalex.org/A5019772141,https://openalex.org/A5067938836,1
https://openalex.org/A5019772141,https://openalex.org/A5068134730,1
https://openalex.org/A5019772141,https://openalex.org/A5075398663,2
https://openalex.org/A5019772141,https://openalex.org/A5081489498,1
https://openalex.org/A5019772141,https://openalex.org/A5083888741,1
https://openalex.org/A5019772141,https://openalex.org/A5086892987,1
https://openalex.org/A5019772141,https://openalex.org/A5091223256,1
https://openalex.org/A5019772141,https://openalex.org/A5103313431,1
https://openalex.org/A5019772141,https://openalex.org/A5104348329,1
https://openalex.org/A5019772141,https://openalex.org/A5112337293,5
https://openalex.org/A5019772141,https://openalex.org/A5113601000,1
https://openalex.org/A5019772141,https://openalex.org/A5117823592,1
https://openalex.org/A5019772141,https://openalex.org/A5117823593,1
https://openalex.org/A5019803594,https://openalex.org/A5056769433,1
https://openalex.org/A5019803594,https://openalex.org/A5087941429,1
https://openalex.org/A5019804454,https://openalex.org/A5022773897,1
https://openalex.org/A5019804454,https://openalex.org/A5023301167,1
https://openalex.org/A5019804454,https://openalex.org/A5028612850,1
https://openalex.org/A5019804454,https://openalex.org/A5029268482,1
https://openalex.org/A5019804454,https://openalex.org/A5031650084,1
https://openalex.org/A5019804454,https://openalex.org/A5035816874,1
https://openalex.org/A5019804454,https://openalex.org/A5050293303,1
https://openalex.org/A5019804454,https://openalex.org/A5051657599,1
https://openalex.org/A5019804454,https://openalex.org/A5056769433,1
https://openalex.org/A5019804454,https://openalex.org/A5058765335,1
https://openalex.org/A5019804454,https://openalex.org/A5061146101,1
https://openalex.org/A5019804454,https://openalex.org/A5063779850,1
https://openalex.org/A5019804454,https://openalex.org/A5066533684,1
https://openalex.org/A5019804454,https://openalex.org/A5067322923,1
https://openalex.org/A5019804454,https://openalex.org/A5069596316,1
https://openalex.org/A5019804454,https://openalex.org/A5079884758,1
https://openalex.org/A5019804454,https://openalex.org/A5092585408,1
https://openalex.org/A5019804454,https://openalex.org/A5101773482,1
https://openalex.org/A5019852783,https://openalex.org/A5060335406,20
https://openalex.org/A5019916421,https://openalex.org/A5062904472,1
https://openalex.org/A5019916421,https://openalex.org/A5086606169,1
https://openalex.org/A5019945427,https://openalex.org/A5054385835,1
https://openalex.org/A5019956414,https://openalex.org/A5059535139,1
https://openalex.org/A5019956414,https://openalex.org/A5063428555,2
https://openalex.org/A5019956414,https://openalex.org/A5073869040,2
https://openalex.org/A5019956414,https://openalex.org/A5114164714,2
https://openalex.org/A5019962191,https://openalex.org/A5053716608,1
https://openalex.org/A5019971420,https://openalex.org/A5020005712,1
https://openalex.org/A5019971420,https://openalex.org/A5043554069,1
https://openalex.org/A5019971420,https://openalex.org/A5066533684,1
https://openalex.org/A5020005712,https://openalex.org/A5020230556,1
https://openalex.org/A5020005712,https://openalex.org/A5025495404,1
https://openalex.org/A5020005712,https://openalex.org/A5032751725,1
https://openalex.org/A5020005712,https://openalex.org/A5035562556,1
https://openalex.org/A5020005712,https://openalex.org/A5042763858,1
https://openalex.org/A5020005712,https://openalex.org/A5043554069,3
https://openalex.org/A5020005712,https://openalex.org/A5051060684,1
https://openalex.org/A5020005712,https://openalex.org/A5059328921,1
https://openalex.org/A5020005712,https://openalex.org/A5061471563,1
https://openalex.org/A5020005712,https://openalex.org/A5063694564,1
https://openalex.org/A5020005712,https://openalex.org/A5066533684,1
https://openalex.org/A5020005712,https://openalex.org/A5088932648,1
https://openalex.org/A5020005712,https://openalex.org/A5103274966,1
https://openalex.org/A5020005712,https://openalex.org/A5103593452,1
https://openalex.org/A5020005712,https://openalex.org/A5111424373,1
https://openalex.org/A5020068504,https://openalex.org/A5040724866,1
https://openalex.org/A5020097160,https://openalex.org/A5054250368,3
https://openalex.org/A5020097160,https://openalex.org/A5076145302,1
https://openalex.org/A5020097160,https://openalex.org/A5085352188,1
https://openalex.org/A5020097160,https://openalex.org/A5089051533,3
https://openalex.org/A5020097333,https://openalex.org/A5023611063,1
https://openalex.org/A5020097333,https://openalex.org/A5084548967,5
https://openalex.org/A5020099733,https://openalex.org/A5050288568,1
https://openalex.org/A5020158640,https://openalex.org/A5033228176,3
https://openalex.org/A5020158640,https://openalex.org/A5045913591,1
https://openalex.org/A5020158640,https://openalex.org/A5057089293,3
https://openalex.org/A5020158640,https://openalex.org/A5071964071,2
https://openalex.org/A5020230556,https://openalex.org/A5025495404,1
https://openalex.org/A5020230556,https://openalex.org/A5032751725,1
https://openalex.org/A5020230556,https://openalex.org/A5042763858,1
https://openalex.org/A5020230556,https://openalex.org/A5051060684,1
https://openalex.org/A5020230556,https://openalex.org/A5059328921,1
https://openalex.org/A5020230556,https://openalex.org/A5088932648,1
https://openalex.org/A5020230556,https://openalex.org/A5103274966,1
https://openalex.org/A5020230556,https://openalex.org/A5103593452,1
https://openalex.org/A5020347026,https://openalex.org/A5022893506,3
https://openalex.org/A5020347026,https://openalex.org/A5045249431,6
https://openalex.org/A5020431601,https://openalex.org/A5064510149,4
https://openalex.org/A5020612881,https://openalex.org/A5056811592,1
https://openalex.org/A5020612881,https://openalex.org/A5086606169,1
https://openalex.org/A5020689109,https://openalex.org/A5065608207,1
https://openalex.org/A5020689109,https://openalex.org/A5069151984,1
https://openalex.org/A5020689109,https://openalex.org/A5085453319,1
https://openalex.org/A5020848775,https://openalex.org/A5057361102,1
https://openalex.org/A5020848775,https://openalex.org/A5062890780,1
https://openalex.org/A5020848775,https://openalex.org/A5063649884,1
https://openalex.org/A5020848775,https://openalex.org/A5069697591,1
https://openalex.org/A5020848775,https://openalex.org/A5087186493,1
https://openalex.org/A5020848775,https://openalex.org/A5109283962,1
https://openalex.org/A5020928794,https://openalex.org/A5025968214,1
https://openalex.org/A5020943546,https://openalex.org/A5043554069,1
https://openalex.org/A5020943546,https://openalex.org/A5079722775,1
https://openalex.org/A5020943546,https://openalex.org/A5103560366,1
https://openalex.org/A5020943546,https://openalex.org/A5108261966,1
https://openalex.org/A5020943546,https://openalex.org/A5112337293,1
https://openalex.org/A5021012449,https://openalex.org/A5035391193,1
https://openalex.org/A5021012449,https://openalex.org/A5112178957,4
https://openalex.org/A5021083190,https://openalex.org/A5065801009,1
https://openalex.org/A5021083190,https://openalex.org/A5079191166,1
https://openalex.org/A5021093776,https://openalex.org/A5023737484,1
https://openalex.org/A5021093776,https://openalex.org/A5048977543,1
https://openalex.org/A5021107751,https://openalex.org/A5027332605,1
https://openalex.org/A5021107751,https://openalex.org/A5071406761,1
https://openalex.org/A5021223815,https://openalex.org/A5040763154,3
https://openalex.org/A5021223815,https://openalex.org/A5114164714,3
https://openalex.org/A5021235002,https://openalex.org/A5036495684,1
https://openalex.org/A5021455412,https://openalex.org/A5022537257,1
https://openalex.org/A5021455412,https://openalex.org/A5032400851,1
https://openalex.org/A5021455412,https://openalex.org/A5064764134,1
https://openalex.org/A5021455412,https://openalex.org/A5066804143,1
https://openalex.org/A5021455412,https://openalex.org/A5102227062,1
https://openalex.org/A5021466266,https://openalex.org/A5063428555,1
https://openalex.org/A5021566891,https://openalex.org/A5033601686,1
https://openalex.org/A5021566891,https://openalex.org/A5040550394,1
https://openalex.org/A5021566891,https://openalex.org/A5051060684,1
https://openalex.org/A5021566891,https://openalex.org/A5053461203,1
https://openalex.org/A5021566891,https://openalex.org/A5075621921,1
https://openalex.org/A5021566891,https://openalex.org/A5091193840,1
https://openalex.org/A5021566891,https://openalex.org/A5103593452,1
https://openalex.org/A5021594030,https://openalex.org/A5105022824,3
https://openalex.org/A5021594030,https://openalex.org/A5108150350,3
https://openalex.org/A5021594030,https://openalex.org/A5112888078,3
https://openalex.org/A5021741751,https://openalex.org/A5055763021,1
https://openalex.org/A5021741751,https://openalex.org/A5060565977,1
https://openalex.org/A5021741751,https://openalex.org/A5101773482,1
https://openalex.org/A5021953541,https://openalex.org/A5038962834,1
https://openalex.org/A5022014344,https://openalex.org/A5035445723,1
https://openalex.org/A5022014344,https://openalex.org/A5045331496,1
https://openalex.org/A5022035875,https://openalex.org/A5086571017,1
https://openalex.org/A5022378745,https://openalex.org/A5069964659,1
https://openalex.org/A5022468241,https://openalex.org/A5030351961,1
https://openalex.org/A5022468241,https://openalex.org/A5036409355,12
https://openalex.org/A5022468241,https://openalex.org/A5052634743,1
https://openalex.org/A5022499500,https://openalex.org/A5067362763,1
https://openalex.org/A5022537257,https://openalex.org/A5032400851,2
https://openalex.org/A5022537257,https://openalex.org/A5064764134,1
https://openalex.org/A5022537257,https://openalex.org/A5066804143,1
https://openalex.org/A5022537257,https://openalex.org/A5102227062,1
https://openalex.org/A5022580138,https://openalex.org/A5055325995,2
https://openalex.org/A5022580138,https://openalex.org/A5085900200,2
https://openalex.org/A5022580138,https://openalex.org/A5088444369,2
https://openalex.org/A5022580138,https://openalex.org/A5090947512,2
https://openalex.org/A5022648359,https://openalex.org/A5064544547,2
https://openalex.org/A5022773897,https://openalex.org/A5023301167,1
https://openalex.org/A5022773897,https://openalex.org/A5028612850,1
https://openalex.org/A5022773897,https://openalex.org/A5029268482,1
https://openalex.org/A5022773897,https://openalex.org/A5031650084,1
https://openalex.org/A5022773897,https://openalex.org/A5035816874,1
https://openalex.org/A5022773897,https://openalex.org/A5038962834,2
https://openalex.org/A5022773897,https://openalex.org/A5050293303,1
https://openalex.org/A5022773897,https://openalex.org/A5051657599,1
https://openalex.org/A5022773897,https://openalex.org/A5056769433,1
https://openalex.org/A5022773897,https://openalex.org/A5058765335,1
https://openalex.org/A5022773897,https://openalex.org/A5061146101,1
https://openalex.org/A5022773897,https://openalex.org/A5063779850,1
https://openalex.org/A5022773897,https://openalex.org/A5064101767,1
https://openalex.org/A5022773897,https://openalex.org/A5067322923,1
https://openalex.org/A5022773897,https://openalex.org/A5067735271,1
https://openalex.org/A5022773897,https://openalex.org/A5069596316,1
https://openalex.org/A5022773897,https://openalex.org/A5079884758,1
https://openalex.org/A5022773897,https://openalex.org/A5092585408,1
https://openalex.org/A5022773897,https://openalex.org/A5101773482,1
https://openalex.org/A5022970812,https://openalex.org/A5029664629,2
https://openalex.org/A5022970812,https://openalex.org/A5029856589,2
https://openalex.org/A5023004642,https://openalex.org/A5029881423,1
https://openalex.org/A5023004642,https://openalex.org/A5037420817,1
https://openalex.org/A5023147101,https://openalex.org/A5024066420,1
https://openalex.org/A5023147101,https://openalex.org/A5035264951,1
https://openalex.org/A5023147101,https://openalex.org/A5076298533,1
https://openalex.org/A5023147101,https://openalex.org/A5078865475,2
https://openalex.org/A5023147101,https://openalex.org/A5086405997,1
https://openalex.org/A5023301167,https://openalex.org/A5028612850,1
https://openalex.org/A5023301167,https://openalex.org/A5029268482,1
https://openalex.org/A5023301167,https://openalex.org/A5031650084,1
https://openalex.org/A5023301167,https://openalex.org/A5035816874,1
https://openalex.org/A5023301167,https://openalex.org/A5050293303,1
https://openalex.org/A5023301167,https://openalex.org/A5051657599,1
https://openalex.org/A5023301167,https://openalex.org/A5056769433,1
https://openalex.org/A5023301167,https://openalex.org/A5057019646,2
https://openalex.org/A5023301167,https://openalex.org/A5058765335,1
https://openalex.org/A5023301167,https://openalex.org/A5061146101,1
https://openalex.org/A5023301167,https://openalex.org/A5063779850,1
https://openalex.org/A5023301167,https://openalex.org/A5067322923,1
https://openalex.org/A5023301167,https://openalex.org/A5069596316,1
https://openalex.org/A5023301167,https://openalex.org/A5073278092,2
https://openalex.org/A5023301167,https://openalex.org/A5073869040,1
https://openalex.org/A5023301167,https://openalex.org/A5079884758,1
https://openalex.org/A5023301167,https://openalex.org/A5086842644,2
https://openalex.org/A5023301167,https://openalex.org/A5092585408,1
https://openalex.org/A5023301167,https://openalex.org/A5093509442,1
https://openalex.org/A5023301167,https://openalex.org/A5101773482,1
https://openalex.org/A5023373987,https://openalex.org/A5036034339,1
https://openalex.org/A5023599264,https://openalex.org/A5026401904,1
https://openalex.org/A5023599264,https://openalex.org/A5035191609,2
https://openalex.org/A5023599264,https://openalex.org/A5041550795,1
https://openalex.org/A5023599264,https://openalex.org/A5050743443,2
https://openalex.org/A5023599264,https://openalex.org/A5069070673,1
https://openalex.org/A5023599264,https://openalex.org/A5081642057,1
https://openalex.org/A5023622755,https://openalex.org/A5025167737,1
https://openalex.org/A5023622755,https://openalex.org/A5028496204,1
https://openalex.org/A5023622755,https://openalex.org/A5032251517,1
https://openalex.org/A5023622755,https://openalex.org/A5055892702,1
https://openalex.org/A5023622755,https://openalex.org/A5086425290,1
https://openalex.org/A5023664362,https://openalex.org/A5043975863,6
https://openalex.org/A5023664362,https://openalex.org/A5091423024,1
https://openalex.org/A5023737484,https://openalex.org/A5048977543,1
https://openalex.org/A5023766641,https://openalex.org/A5063428555,1
https://openalex.org/A5023766641,https://openalex.org/A5073869040,1
https://openalex.org/A5023787137,https://openalex.org/A5029031706,1
https://openalex.org/A5023787137,https://openalex.org/A5055461569,1
https://openalex.org/A5023787137,https://openalex.org/A5055791115,1
https://openalex.org/A5023787137,https://openalex.org/A5075177776,1
https://openalex.org/A5023787137,https://openalex.org/A5079730494,1
https://openalex.org/A5023843955,https://openalex.org/A5028867644,1
https://openalex.org/A5024066420,https://openalex.org/A5035264951,1
https://openalex.org/A5024066420,https://openalex.org/A5076298533,1
https://openalex.org/A5024066420,https://openalex.org/A5086405997,1
https://openalex.org/A5024190756,https://openalex.org/A5114164714,1
https://openalex.org/A5024441623,https://openalex.org/A5108400765,1
https://openalex.org/A5024454579,https://openalex.org/A5031702979,2
https://openalex.org/A5024454579,https://openalex.org/A5047897029,2
https://openalex.org/A5024454579,https://openalex.org/A5066533684,2
https://openalex.org/A5024454579,https://openalex.org/A5089798637,2
https://openalex.org/A5024454579,https://openalex.org/A5116582244,2
https://openalex.org/A5024565313,https://openalex.org/A5067428017,1
https://openalex.org/A5024773631,https://openalex.org/A5043554069,1
https://openalex.org/A5024773631,https://openalex.org/A5058765335,1
https://openalex.org/A5024773631,https://openalex.org/A5067938836,1
https://openalex.org/A5024773631,https://openalex.org/A5075398663,1
https://openalex.org/A5024773631,https://openalex.org/A5091223256,1
https://openalex.org/A5024773631,https://openalex.org/A5112337293,1
https://openalex.org/A5024773631,https://openalex.org/A5117823592,1
https://openalex.org/A5024773631,https://openalex.org/A5117823593,1
https://openalex.org/A5025004644,https://openalex.org/A5032400851,1
https://openalex.org/A5025004644,https://openalex.org/A5047705879,1
https://openalex.org/A5025167737,https://openalex.org/A5028496204,1
https://openalex.org/A5025167737,https://openalex.org/A5032251517,1
https://openalex.org/A5025167737,https://openalex.org/A5055892702,1
https://openalex.org/A5025167737,https://openalex.org/A5086425290,1
https://openalex.org/A5025241450,https://openalex.org/A5031878313,8
https://openalex.org/A5025241450,https://openalex.org/A5031929550,3
https://openalex.org/A5025241450,https://openalex.org/A5033160841,2
https://openalex.org/A5025241450,https://openalex.org/A5033528865,2
https://openalex.org/A5025241450,https://openalex.org/A5033951003,1
https://openalex.org/A5025241450,https://openalex.org/A5052017772,2
https://openalex.org/A5025241450,https://openalex.org/A5056507350,6
https://openalex.org/A5025241450,https://openalex.org/A5082711782,2
https://openalex.org/A5025431046,https://openalex.org/A5086766707,1
https://openalex.org/A5025431046,https://openalex.org/A5092274773,1
https://openalex.org/A5025431046,https://openalex.org/A5092274774,1
https://openalex.org/A5025431046,https://openalex.org/A5092274775,1
https://openalex.org/A5025431046,https://openalex.org/A5108449043,1
https://openalex.org/A5025463564,https://openalex.org/A5076044489,1
https://openalex.org/A5025463564,https://openalex.org/A5080437441,1
https://openalex.org/A5025495404,https://openalex.org/A5026871385,2
https://openalex.org/A5025495404,https://openalex.org/A5032751725,1
https://openalex.org/A5025495404,https://openalex.org/A5039519270,1
https://openalex.org/A5025495404,https://openalex.org/A5042763858,2
https://openalex.org/A5025495404,https://openalex.org/A5051060684,1
https://openalex.org/A5025495404,https://openalex.org/A5059328921,1
https://openalex.org/A5025495404,https://openalex.org/A5062496475,1
https://openalex.org/A5025495404,https://openalex.org/A5071245244,1
https://openalex.org/A5025495404,https://openalex.org/A5088134184,1
https://openalex.org/A5025495404,https://openalex.org/A5088932648,1
https://openalex.org/A5025495404,https://openalex.org/A5089694443,4
https://openalex.org/A5025495404,https://openalex.org/A5103274966,1
https://openalex.org/A5025495404,https://openalex.org/A5103593452,5
https://openalex.org/A5025548430,https://openalex.org/A5025978627,1
https://openalex.org/A5025548430,https://openalex.org/A5103274966,1
https://openalex.org/A5025638091,https://openalex.org/A5044255180,1
https://openalex.org/A5025638091,https://openalex.org/A5091429561,1
https://openalex.org/A5025708157,https://openalex.org/A5072153544,4
https://openalex.org/A5025708157,https://openalex.org/A5084948929,4
https://openalex.org/A5025734935,https://openalex.org/A5041842737,1
https://openalex.org/A5025734935,https://openalex.org/A5105997647,1
https://openalex.org/A5025925029,https://openalex.org/A5103167243,1
https://openalex.org/A5025968214,https://openalex.org/A5114164714,3
https://openalex.org/A5025973362,https://openalex.org/A5054702262,1
https://openalex.org/A5025973362,https://openalex.org/A5054822594,1
https://openalex.org/A5025973362,https://openalex.org/A5094043015,1
https://openalex.org/A5025973362,https://openalex.org/A5109040447,1
https://openalex.org/A5025973362,https://openalex.org/A5115629014,1
https://openalex.org/A5025973362,https://openalex.org/A5120520825,1
https://openalex.org/A5025978627,https://openalex.org/A5051037376,1
https://openalex.org/A5025978627,https://openalex.org/A5053907266,2
https://openalex.org/A5025978627,https://openalex.org/A5069155026,2
https://openalex.org/A5025978627,https://openalex.org/A5073119516,2
https://openalex.org/A5025978627,https://openalex.org/A5087408767,1
https://openalex.org/A5025978627,https://openalex.org/A5103274966,1
https://openalex.org/A5026034145,https://openalex.org/A5029814838,1
https://openalex.org/A5026034145,https://openalex.org/A5070807573,1
https://openalex.org/A5026034145,https://openalex.org/A5076462180,1
https://openalex.org/A5026126758,https://openalex.org/A5051657599,2
https://openalex.org/A5026126758,https://openalex.org/A5055761364,2
https://openalex.org/A5026135323,https://openalex.org/A5046505732,1
https://openalex.org/A5026401904,https://openalex.org/A5035191609,1
https://openalex.org/A5026401904,https://openalex.org/A5050743443,1
https://openalex.org/A5026401904,https://openalex.org/A5069070673,1
https://openalex.org/A5026438785,https://openalex.org/A5027286465,1
https://openalex.org/A5026438785,https://openalex.org/A5055160117,1
https://openalex.org/A5026438785,https://openalex.org/A5061801321,1
https://openalex.org/A5026438785,https://openalex.org/A5066379259,1
https://openalex.org/A5026438785,https://openalex.org/A5077774191,1
https://openalex.org/A5026438785,https://openalex.org/A5111007676,1
https://openalex.org/A5026438785,https://openalex.org/A5112776766,1
https://openalex.org/A5026438785,https://openalex.org/A5112958220,1
https://openalex.org/A5026635387,https://openalex.org/A5037512983,1
https://openalex.org/A5026635387,https://openalex.org/A5067759878,1
https://openalex.org/A5026635387,https://openalex.org/A5081104338,1
https://openalex.org/A5026635387,https://openalex.org/A5088666995,1
https://openalex.org/A5026635387,https://openalex.org/A5104453572,1
https://openalex.org/A5026731510,https://openalex.org/A5086763447,8
https://openalex.org/A5026731510,https://openalex.org/A5122753056,1
https://openalex.org/A5026781289,https://openalex.org/A5043564152,2
https://openalex.org/A5026781289,https://openalex.org/A5066533684,2
https://openalex.org/A5026781289,https://openalex.org/A5097327795,2
https://openalex.org/A5026781289,https://openalex.org/A5112652258,2
https://openalex.org/A5026860206,https://openalex.org/A5103399500,1
https://openalex.org/A5026871385,https://openalex.org/A5032751725,2
https://openalex.org/A5026871385,https://openalex.org/A5039519270,1
https://openalex.org/A5026871385,https://openalex.org/A5079191166,1
https://openalex.org/A5026871385,https://openalex.org/A5088932648,2
https://openalex.org/A5026871385,https://openalex.org/A5089694443,2
https://openalex.org/A5026871385,https://openalex.org/A5092814508,2
https://openalex.org/A5026871385,https://openalex.org/A5103274966,1
https://openalex.org/A5026871385,https://openalex.org/A5103593452,2
https://openalex.org/A5026871385,https://openalex.org/A5106344614,2
https://openalex.org/A5026871385,https://openalex.org/A5109593227,1
https://openalex.org/A5026871385,https://openalex.org/A5119709804,2
https://openalex.org/A5026871385,https://openalex.org/A5119709805,1
https://openalex.org/A5026871385,https://openalex.org/A5120396729,1
https://openalex.org/A5026871385,https://openalex.org/A5120494615,1
https://openalex.org/A5026871385,https://openalex.org/A5120494616,1
https://openalex.org/A5026871385,https://openalex.org/A5120699851,1
https://openalex.org/A5027005881,https://openalex.org/A5078561090,1
https://openalex.org/A5027157729,https://openalex.org/A5082002998,1
https://openalex.org/A5027157729,https://openalex.org/A5082121704,1
https://openalex.org/A5027229439,https://openalex.org/A5079191166,1
https://openalex.org/A5027269352,https://openalex.org/A5054702262,1
https://openalex.org/A5027269352,https://openalex.org/A5054822594,2
https://openalex.org/A5027269352,https://openalex.org/A5094043014,2
https://openalex.org/A5027269352,https://openalex.org/A5094043015,1
https://openalex.org/A5027269352,https://openalex.org/A5108250975,1
https://openalex.org/A5027269352,https://openalex.org/A5110910646,1
https://openalex.org/A5027269352,https://openalex.org/A5115629014,1
https://openalex.org/A5027269352,https://openalex.org/A5115629015,1
https://openalex.org/A5027286465,https://openalex.org/A5055160117,1
https://openalex.org/A5027286465,https://openalex.org/A5061801321,1
https://openalex.org/A5027286465,https://openalex.org/A5066379259,1
https://openalex.org/A5027286465,https://openalex.org/A5077774191,1
https://openalex.org/A5027286465,https://openalex.org/A5111007676,1
https://openalex.org/A5027286465,https://openalex.org/A5112776766,1
https://openalex.org/A5027286465,https://openalex.org/A5112958220,1
https://openalex.org/A5027332605,https://openalex.org/A5071406761,1
https://openalex.org/A5027352514,https://openalex.org/A5110351336,1
https://openalex.org/A5027466077,https://openalex.org/A5073911024,1
https://openalex.org/A5027564524,https://openalex.org/A5065214778,1
https://openalex.org/A5027564524,https://openalex.org/A5071472411,1
https://openalex.org/A5027626288,https://openalex.org/A5067660996,1
https://openalex.org/A5027737856,https://openalex.org/A5051958199,1
https://openalex.org/A5027737856,https://openalex.org/A5061216634,2
https://openalex.org/A5027737856,https://openalex.org/A5065724004,8
https://openalex.org/A5027737856,https://openalex.org/A5071684543,2
https://openalex.org/A5027737856,https://openalex.org/A5111934226,1
https://openalex.org/A5027865092,https://openalex.org/A5050018595,1
https://openalex.org/A5027953767,https://openalex.org/A5054032260,2
https://openalex.org/A5027953767,https://openalex.org/A5063530204,1
https://openalex.org/A5027953767,https://openalex.org/A5080741414,1
https://openalex.org/A5027973605,https://openalex.org/A5044395350,1
https://openalex.org/A5027973605,https://openalex.org/A5054032260,3
https://openalex.org/A5027973605,https://openalex.org/A5055214595,1
https://openalex.org/A5027973605,https://openalex.org/A5061425977,1
https://openalex.org/A5027973605,https://openalex.org/A5068985681,1
https://openalex.org/A5027973605,https://openalex.org/A5075285158,1
https://openalex.org/A5027973605,https://openalex.org/A5090234742,1
https://openalex.org/A5028039281,https://openalex.org/A5068856434,1
https://openalex.org/A5028173163,https://openalex.org/A5036474807,1
https://openalex.org/A5028173163,https://openalex.org/A5037706387,1
https://openalex.org/A5028173163,https://openalex.org/A5043554069,4
https://openalex.org/A5028173163,https://openalex.org/A5046426754,1
https://openalex.org/A5028173163,https://openalex.org/A5049048345,1
https://openalex.org/A5028173163,https://openalex.org/A5049564822,1
https://openalex.org/A5028173163,https://openalex.org/A5075398663,3
https://openalex.org/A5028173163,https://openalex.org/A5112337293,1
https://openalex.org/A5028173163,https://openalex.org/A5113601000,1
https://openalex.org/A5028349188,https://openalex.org/A5033992868,1
https://openalex.org/A5028349188,https://openalex.org/A5056421944,1
https://openalex.org/A5028349188,https://openalex.org/A5057850218,1
https://openalex.org/A5028349188,https://openalex.org/A5063532717,1
https://openalex.org/A5028349188,https://openalex.org/A5081085917,1
https://openalex.org/A5028349188,https://openalex.org/A5090120647,1
https://openalex.org/A5028349188,https://openalex.org/A5094699286,1
https://openalex.org/A5028349188,https://openalex.org/A5094699287,1
https://openalex.org/A5028349188,https://openalex.org/A5094699288,1
https://openalex.org/A5028349188,https://openalex.org/A5094699289,1
https://openalex.org/A5028349188,https://openalex.org/A5094699290,1
https://openalex.org/A5028349188,https://openalex.org/A5101150856,1
https://openalex.org/A5028349188,https://openalex.org/A5105529436,8
https://openalex.org/A5028349188,https://openalex.org/A5112308917,1
https://openalex.org/A5028392996,https://openalex.org/A5077453727,2
https://openalex.org/A5028392996,https://openalex.org/A5082836340,2
https://openalex.org/A5028392996,https://openalex.org/A5086311016,1
https://openalex.org/A5028496204,https://openalex.org/A5032251517,1
https://openalex.org/A5028496204,https://openalex.org/A5055892702,1
https://openalex.org/A5028496204,https://openalex.org/A5086425290,1
https://openalex.org/A5028612850,https://openalex.org/A5029268482,1
https://openalex.org/A5028612850,https://openalex.org/A5031650084,1
https://openalex.org/A5028612850,https://openalex.org/A5035816874,1
https://openalex.org/A5028612850,https://openalex.org/A5050293303,1
https://openalex.org/A5028612850,https://openalex.org/A5051657599,1
https://openalex.org/A5028612850,https://openalex.org/A5056769433,1
https://openalex.org/A5028612850,https://openalex.org/A5058765335,1
https://openalex.org/A5028612850,https://openalex.org/A5061146101,1
https://openalex.org/A5028612850,https://openalex.org/A5063779850,1
https://openalex.org/A5028612850,https://openalex.org/A5067322923,1
https://openalex.org/A5028612850,https://openalex.org/A5069596316,1
https://openalex.org/A5028612850,https://openalex.org/A5079884758,1
https://openalex.org/A5028612850,https://openalex.org/A5092585408,1
https://openalex.org/A5028612850,https://openalex.org/A5101773482,1
https://openalex.org/A5028723680,https://openalex.org/A5029708699,1
https://openalex.org/A5028749404,https://openalex.org/A5098392867,1
https://openalex.org/A5028757481,https://openalex.org/A5036323249,1
https://openalex.org/A5028757481,https://openalex.org/A5043695117,1
https://openalex.org/A5028757481,https://openalex.org/A5046275373,1
https://openalex.org/A5028757481,https://openalex.org/A5050840346,1
https://openalex.org/A5028757481,https://openalex.org/A5065801009,1
https://openalex.org/A5028757481,https://openalex.org/A5070237145,1
https://openalex.org/A5028757481,https://openalex.org/A5070365937,1
https://openalex.org/A5028757481,https://openalex.org/A5079191166,3
https://openalex.org/A5028804808,https://openalex.org/A5080505303,1
https://openalex.org/A5028804808,https://openalex.org/A5099341190,1
https://openalex.org/A5028804808,https://openalex.org/A5117396199,1
https://openalex.org/A5028804808,https://openalex.org/A5117603041,1
https://openalex.org/A5028804808,https://openalex.org/A5119366847,1
https://openalex.org/A5028867644,https://openalex.org/A5043679983,1
https://openalex.org/A5028867644,https://openalex.org/A5066388574,2
https://openalex.org/A5028867644,https://openalex.org/A5092001855,1
https://openalex.org/A5028867644,https://openalex.org/A5092001856,1
https://openalex.org/A5028902528,https://openalex.org/A5078245654,1
https://openalex.org/A5028954885,https://openalex.org/A5044881807,2
https://openalex.org/A5028978329,https://openalex.org/A5091706046,1
https://openalex.org/A5028985095,https://openalex.org/A5050736667,2
https://openalex.org/A5028985095,https://openalex.org/A5111799070,2
https://openalex.org/A5029031706,https://openalex.org/A5055461569,1
https://openalex.org/A5029031706,https://openalex.org/A5055791115,1
https://openalex.org/A5029031706,https://openalex.org/A5075177776,1
https://openalex.org/A5029031706,https://openalex.org/A5079730494,1
https://openalex.org/A5029033078,https://openalex.org/A5094723976,1
https://openalex.org/A5029052483,https://openalex.org/A5045913591,13
https://openalex.org/A5029052483,https://openalex.org/A5058067685,2
https://openalex.org/A5029052483,https://openalex.org/A5058974994,1
https://openalex.org/A5029052483,https://openalex.org/A5063801367,1
https://openalex.org/A5029092200,https://openalex.org/A5037328465,1
https://openalex.org/A5029092200,https://openalex.org/A5041202292,1
https://openalex.org/A5029092200,https://openalex.org/A5043554069,2
https://openalex.org/A5029092200,https://openalex.org/A5061905338,1
https://openalex.org/A5029092200,https://openalex.org/A5071861994,2
https://openalex.org/A5029092200,https://openalex.org/A5075398663,2
https://openalex.org/A5029092200,https://openalex.org/A5112337293,2
https://openalex.org/A5029268482,https://openalex.org/A5031650084,1
https://openalex.org/A5029268482,https://openalex.org/A5035816874,1
https://openalex.org/A5029268482,https://openalex.org/A5044802677,1
https://openalex.org/A5029268482,https://openalex.org/A5049270805,1
https://openalex.org/A5029268482,https://openalex.org/A5050293303,5
https://openalex.org/A5029268482,https://openalex.org/A5051657599,1
https://openalex.org/A5029268482,https://openalex.org/A5056769433,1
https://openalex.org/A5029268482,https://openalex.org/A5057019646,1
https://openalex.org/A5029268482,https://openalex.org/A5058765335,1
https://openalex.org/A5029268482,https://openalex.org/A5060969779,2
https://openalex.org/A5029268482,https://openalex.org/A5061146101,1
https://openalex.org/A5029268482,https://openalex.org/A5063779850,1
https://openalex.org/A5029268482,https://openalex.org/A5066533684,2
https://openalex.org/A5029268482,https://openalex.org/A5066839118,1
https://openalex.org/A5029268482,https://openalex.org/A5067322923,1
https://openalex.org/A5029268482,https://openalex.org/A5069265507,1
https://openalex.org/A5029268482,https://openalex.org/A5069596316,1
https://openalex.org/A5029268482,https://openalex.org/A5079884758,1
https://openalex.org/A5029268482,https://openalex.org/A5092585408,1
https://openalex.org/A5029268482,https://openalex.org/A5101773482,9
https://openalex.org/A5029268482,https://openalex.org/A5101773484,1
https://openalex.org/A5029327694,https://openalex.org/A5043975863,1
https://openalex.org/A5029327694,https://openalex.org/A5108247028,1
https://openalex.org/A5029513793,https://openalex.org/A5055048334,3
https://openalex.org/A5029513793,https://openalex.org/A5073119516,3
https://openalex.org/A5029590415,https://openalex.org/A5064225709,1
https://openalex.org/A5029624888,https://openalex.org/A5061658712,1
https://openalex.org/A5029660980,https://openalex.org/A5067610108,1
https://openalex.org/A5029664629,https://openalex.org/A5029856589,2
https://openalex.org/A5029708699,https://openalex.org/A5075843897,7
https://openalex.org/A5029814838,https://openalex.org/A5070807573,1
https://openalex.org/A5029814838,https://openalex.org/A5076462180,1
https://openalex.org/A5029856790,https://openalex.org/A5055850531,1
https://openalex.org/A5029856790,https://openalex.org/A5056153065,1
https://openalex.org/A5029881423,https://openalex.org/A5037420817,1
https://openalex.org/A5029890856,https://openalex.org/A5056483757,1
https://openalex.org/A5029890856,https://openalex.org/A5066097337,1
https://openalex.org/A5029890856,https://openalex.org/A5085453319,1
https://openalex.org/A5029895832,https://openalex.org/A5074750395,1
https://openalex.org/A5029932006,https://openalex.org/A5031650084,1
https://openalex.org/A5029932006,https://openalex.org/A5039034367,1
https://openalex.org/A5029932006,https://openalex.org/A5053796955,1
https://openalex.org/A5029932006,https://openalex.org/A5072890721,1
https://openalex.org/A5029932006,https://openalex.org/A5091683666,1
https://openalex.org/A5029956402,https://openalex.org/A5066533684,3
https://openalex.org/A5029956402,https://openalex.org/A5089798637,3
https://openalex.org/A5029975489,https://openalex.org/A5070751217,1
https://openalex.org/A5029975489,https://openalex.org/A5084548967,1
https://openalex.org/A5029999947,https://openalex.org/A5056838097,1
https://openalex.org/A5030031923,https://openalex.org/A5052538207,4
https://openalex.org/A5030031923,https://openalex.org/A5091641645,5
https://openalex.org/A5030031923,https://openalex.org/A5103426371,1
https://openalex.org/A5030098265,https://openalex.org/A5031959632,2
https://openalex.org/A5030098265,https://openalex.org/A5109034470,2
https://openalex.org/A5030302608,https://openalex.org/A5047041635,2
https://openalex.org/A5030319986,https://openalex.org/A5047733534,1
https://openalex.org/A5030319986,https://openalex.org/A5065223965,1
https://openalex.org/A5030319986,https://openalex.org/A5071035630,1
https://openalex.org/A5030319986,https://openalex.org/A5071406761,1
https://openalex.org/A5030319986,https://openalex.org/A5072751038,1
https://openalex.org/A5030423116,https://openalex.org/A5089695953,1
https://openalex.org/A5030585773,https://openalex.org/A5111080870,1
https://openalex.org/A5030593049,https://openalex.org/A5036330215,1
https://openalex.org/A5030593049,https://openalex.org/A5036684277,1
https://openalex.org/A5030593049,https://openalex.org/A5043785337,1
https://openalex.org/A5030593049,https://openalex.org/A5066060108,1
https://openalex.org/A5030593049,https://openalex.org/A5089632338,1
https://openalex.org/A5030683902,https://openalex.org/A5056107447,1
https://openalex.org/A5030813266,https://openalex.org/A5066307067,2
https://openalex.org/A5030822517,https://openalex.org/A5048786894,1
https://openalex.org/A5030822517,https://openalex.org/A5063428555,2
https://openalex.org/A5030822517,https://openalex.org/A5066979215,1
https://openalex.org/A5030822517,https://openalex.org/A5108115052,1
https://openalex.org/A5030840514,https://openalex.org/A5047041635,1
https://openalex.org/A5031012347,https://openalex.org/A5041791430,2
https://openalex.org/A5031012347,https://openalex.org/A5051072292,2
https://openalex.org/A5031012347,https://openalex.org/A5059887002,2
https://openalex.org/A5031012347,https://openalex.org/A5076298533,2
https://openalex.org/A5031012347,https://openalex.org/A5078865475,2
https://openalex.org/A5031022592,https://openalex.org/A5038921157,1
https://openalex.org/A5031022592,https://openalex.org/A5059263950,1
https://openalex.org/A5031022592,https://openalex.org/A5081682758,1
https://openalex.org/A5031396438,https://openalex.org/A5035779224,2
https://openalex.org/A5031396438,https://openalex.org/A5039270416,2
https://openalex.org/A5031451923,https://openalex.org/A5056769433,1
https://openalex.org/A5031650084,https://openalex.org/A5035816874,1
https://openalex.org/A5031650084,https://openalex.org/A5039034367,1
https://openalex.org/A5031650084,https://openalex.org/A5050293303,1
https://openalex.org/A5031650084,https://openalex.org/A5051657599,1
https://openalex.org/A5031650084,https://openalex.org/A5053796955,1
https://openalex.org/A5031650084,https://openalex.org/A5056769433,1
https://openalex.org/A5031650084,https://openalex.org/A5058765335,1
https://openalex.org/A5031650084,https://openalex.org/A5061146101,1
https://openalex.org/A5031650084,https://openalex.org/A5063779850,1
https://openalex.org/A5031650084,https://openalex.org/A5067322923,1
https://openalex.org/A5031650084,https://openalex.org/A5069596316,1
https://openalex.org/A5031650084,https://openalex.org/A5072890721,1
https://openalex.org/A5031650084,https://openalex.org/A5079884758,1
https://openalex.org/A5031650084,https://openalex.org/A5091683666,1
https://openalex.org/A5031650084,https://openalex.org/A5092585408,1
https://openalex.org/A5031650084,https://openalex.org/A5101773482,1
https://openalex.org/A5031702979,https://openalex.org/A5047897029,2
https://openalex.org/A5031702979,https://openalex.org/A5066533684,2
https://openalex.org/A5031702979,https://openalex.org/A5089798637,2
https://openalex.org/A5031702979,https://openalex.org/A5116582244,2
https://openalex.org/A5031804853,https://openalex.org/A5050267002,1
https://openalex.org/A5031804853,https://openalex.org/A5050736667,3
https://openalex.org/A5031804853,https://openalex.org/A5055282976,1
https://openalex.org/A5031804853,https://openalex.org/A5092815392,1
https://openalex.org/A5031804853,https://openalex.org/A5092815394,1
https://openalex.org/A5031814604,https://openalex.org/A5061146101,1
https://openalex.org/A5031814604,https://openalex.org/A5078245654,1
https://openalex.org/A5031878313,https://openalex.org/A5031929550,13
https://openalex.org/A5031878313,https://openalex.org/A5052017772,10
https://openalex.org/A5031878313,https://openalex.org/A5056507350,1
https://openalex.org/A5031929550,https://openalex.org/A5052017772,14
https://openalex.org/A5031959632,https://openalex.org/A5109034470,2
https://openalex.org/A5031987906,https://openalex.org/A5101773482,1
https://openalex.org/A5032251517,https://openalex.org/A5055892702,1
https://openalex.org/A5032251517,https://openalex.org/A5086425290,1
https://openalex.org/A5032400851,https://openalex.org/A5047705879,2
https://openalex.org/A5032400851,https://openalex.org/A5051452263,1
https://openalex.org/A5032400851,https://openalex.org/A5054032260,2
https://openalex.org/A5032400851,https://openalex.org/A5064764134,3
https://openalex.org/A5032400851,https://openalex.org/A5066804143,1
https://openalex.org/A5032400851,https://openalex.org/A5068985681,1
https://openalex.org/A5032400851,https://openalex.org/A5072214030,1
https://openalex.org/A5032400851,https://openalex.org/A5073489218,1
https://openalex.org/A5032400851,https://openalex.org/A5089379905,1
https://openalex.org/A5032400851,https://openalex.org/A5102227062,2
https://openalex.org/A5032400851,https://openalex.org/A5104353011,1
https://openalex.org/A5032456090,https://openalex.org/A5045962543,1
https://openalex.org/A5032596103,https://openalex.org/A5056769433,1
https://openalex.org/A5032596103,https://openalex.org/A5061146101,1
https://openalex.org/A5032596103,https://openalex.org/A5070304265,1
https://openalex.org/A5032596103,https://openalex.org/A5078245654,1
https://openalex.org/A5032596103,https://openalex.org/A5086630717,2
https://openalex.org/A5032596103,https://openalex.org/A5101773482,1
https://openalex.org/A5032596103,https://openalex.org/A5108512159,1
https://openalex.org/A5032751725,https://openalex.org/A5039519270,1
https://openalex.org/A5032751725,https://openalex.org/A5042763858,1
https://openalex.org/A5032751725,https://openalex.org/A5051060684,1
https://openalex.org/A5032751725,https://openalex.org/A5059328921,1
https://openalex.org/A5032751725,https://openalex.org/A5088932648,3
https://openalex.org/A5032751725,https://openalex.org/A5092814508,2
https://openalex.org/A5032751725,https://openalex.org/A5103274966,2
https://openalex.org/A5032751725,https://openalex.org/A5103593452,1
https://openalex.org/A5032751725,https://openalex.org/A5106344614,2
https://openalex.org/A5032751725,https://openalex.org/A5109593227,1
https://openalex.org/A5032751725,https://openalex.org/A5119709804,2
https://openalex.org/A5032751725,https://openalex.org/A5119709805,1
https://openalex.org/A5032751725,https://openalex.org/A5120396729,1
https://openalex.org/A5032751725,https://openalex.org/A5120494615,1
https://openalex.org/A5032751725,https://openalex.org/A5120494616,1
https://openalex.org/A5032751725,https://openalex.org/A5120699851,1
https://openalex.org/A5032892877,https://openalex.org/A5092220223,1
https://openalex.org/A5032892877,https://openalex.org/A5092593049,1
https://openalex.org/A5032892877,https://openalex.org/A5092593050,1
https://openalex.org/A5032892877,https://openalex.org/A5112963636,1
https://openalex.org/A5032955615,https://openalex.org/A5079191166,1
https://openalex.org/A5033007320,https://openalex.org/A5067428017,1
https://openalex.org/A5033025123,https://openalex.org/A5039738778,1
https://openalex.org/A5033025123,https://openalex.org/A5077453727,1
https://openalex.org/A5033025123,https://openalex.org/A5082836340,1
https://openalex.org/A5033025123,https://openalex.org/A5086311016,1
https://openalex.org/A5033103446,https://openalex.org/A5050642679,1
https://openalex.org/A5033221399,https://openalex.org/A5073401063,1
https://openalex.org/A5033221399,https://openalex.org/A5091176159,1
https://openalex.org/A5033228176,https://openalex.org/A5071964071,7
https://openalex.org/A5033408704,https://openalex.org/A5045970678,1
https://openalex.org/A5033471910,https://openalex.org/A5073732820,1
https://openalex.org/A5033471910,https://openalex.org/A5114464130,1
https://openalex.org/A5033471910,https://openalex.org/A5114464131,1
https://openalex.org/A5033528865,https://openalex.org/A5056507350,6
https://openalex.org/A5033528865,https://openalex.org/A5059565229,1
https://openalex.org/A5033593603,https://openalex.org/A5089211984,1
https://openalex.org/A5033601686,https://openalex.org/A5040550394,1
https://openalex.org/A5033601686,https://openalex.org/A5051060684,1
https://openalex.org/A5033601686,https://openalex.org/A5053461203,1
https://openalex.org/A5033601686,https://openalex.org/A5075621921,1
https://openalex.org/A5033601686,https://openalex.org/A5089694443,1
https://openalex.org/A5033601686,https://openalex.org/A5091193840,1
https://openalex.org/A5033601686,https://openalex.org/A5103593452,2
https://openalex.org/A5033811616,https://openalex.org/A5056783610,1
https://openalex.org/A5033958725,https://openalex.org/A5055000509,1
https://openalex.org/A5033958725,https://openalex.org/A5073732820,1
https://openalex.org/A5033958725,https://openalex.org/A5085470712,1
https://openalex.org/A5033958725,https://openalex.org/A5085890935,1
https://openalex.org/A5033958725,https://openalex.org/A5091173949,1
https://openalex.org/A5033992868,https://openalex.org/A5056421944,1
https://openalex.org/A5033992868,https://openalex.org/A5057850218,1
https://openalex.org/A5033992868,https://openalex.org/A5063532717,1
https://openalex.org/A5033992868,https://openalex.org/A5081085917,1
https://openalex.org/A5033992868,https://openalex.org/A5090120647,3
https://openalex.org/A5033992868,https://openalex.org/A5094699286,1
https://openalex.org/A5033992868,https://openalex.org/A5094699287,1
https://openalex.org/A5033992868,https://openalex.org/A5094699288,1
https://openalex.org/A5033992868,https://openalex.org/A5094699289,1
https://openalex.org/A5033992868,https://openalex.org/A5094699290,1
https://openalex.org/A5033992868,https://openalex.org/A5101150856,1
https://openalex.org/A5033992868,https://openalex.org/A5105529436,1
https://openalex.org/A5033992868,https://openalex.org/A5112308917,1
https://openalex.org/A5034210663,https://openalex.org/A5065801009,1
https://openalex.org/A5034210663,https://openalex.org/A5090429339,1
https://openalex.org/A5034350138,https://openalex.org/A5060587265,1
https://openalex.org/A5034350138,https://openalex.org/A5065754808,1
https://openalex.org/A5034462785,https://openalex.org/A5038159033,2
https://openalex.org/A5034462785,https://openalex.org/A5085453319,2
https://openalex.org/A5034522316,https://openalex.org/A5056769433,1
https://openalex.org/A5034522316,https://openalex.org/A5062155134,1
https://openalex.org/A5034803798,https://openalex.org/A5057332280,2
https://openalex.org/A5034895225,https://openalex.org/A5045970678,1
https://openalex.org/A5035191609,https://openalex.org/A5041550795,1
https://openalex.org/A5035191609,https://openalex.org/A5050743443,2
https://openalex.org/A5035191609,https://openalex.org/A5069070673,1
https://openalex.org/A5035191609,https://openalex.org/A5081642057,1
https://openalex.org/A5035244738,https://openalex.org/A5041302506,2
https://openalex.org/A5035244738,https://openalex.org/A5050568486,2
https://openalex.org/A5035257752,https://openalex.org/A5102804924,2
https://openalex.org/A5035264951,https://openalex.org/A5076298533,1
https://openalex.org/A5035264951,https://openalex.org/A5086405997,1
https://openalex.org/A5035391193,https://openalex.org/A5112178957,1
https://openalex.org/A5035401052,https://openalex.org/A5069151984,1
https://openalex.org/A5035401052,https://openalex.org/A5085453319,1
https://openalex.org/A5035445723,https://openalex.org/A5045331496,1
https://openalex.org/A5035562556,https://openalex.org/A5043554069,1
https://openalex.org/A5035562556,https://openalex.org/A5063694564,1
https://openalex.org/A5035684436,https://openalex.org/A5073311354,1
https://openalex.org/A5035705220,https://openalex.org/A5063860993,1
https://openalex.org/A5035779213,https://openalex.org/A5086777900,1
https://openalex.org/A5035779224,https://openalex.org/A5039270416,2
https://openalex.org/A5035816119,https://openalex.org/A5116570791,2
https://openalex.org/A5035816874,https://openalex.org/A5050293303,1
https://openalex.org/A5035816874,https://openalex.org/A5051657599,1
https://openalex.org/A5035816874,https://openalex.org/A5056769433,1
https://openalex.org/A5035816874,https://openalex.org/A5058765335,1
https://openalex.org/A5035816874,https://openalex.org/A5061146101,1
https://openalex.org/A5035816874,https://openalex.org/A5063779850,1
https://openalex.org/A5035816874,https://openalex.org/A5067322923,1
https://openalex.org/A5035816874,https://openalex.org/A5069596316,1
https://openalex.org/A5035816874,https://openalex.org/A5079884758,1
https://openalex.org/A5035816874,https://openalex.org/A5092585408,1
https://openalex.org/A5035816874,https://openalex.org/A5101773482,1
https://openalex.org/A5035873734,https://openalex.org/A5044081038,1
https://openalex.org/A5035873734,https://openalex.org/A5082061967,2
https://openalex.org/A5035873734,https://openalex.org/A5114164714,2
https://openalex.org/A5035895139,https://openalex.org/A5043155729,2
https://openalex.org/A5035895139,https://openalex.org/A5066533684,2
https://openalex.org/A5035955260,https://openalex.org/A5038225668,1
https://openalex.org/A5035955260,https://openalex.org/A5063428555,3
https://openalex.org/A5035955260,https://openalex.org/A5066979215,1
https://openalex.org/A5035955260,https://openalex.org/A5082802255,1
https://openalex.org/A5035955260,https://openalex.org/A5087795816,1
https://openalex.org/A5036323249,https://openalex.org/A5070237145,1
https://openalex.org/A5036323249,https://openalex.org/A5079191166,1
https://openalex.org/A5036330215,https://openalex.org/A5036684277,1
https://openalex.org/A5036330215,https://openalex.org/A5043785337,1
https://openalex.org/A5036330215,https://openalex.org/A5066060108,1
https://openalex.org/A5036330215,https://openalex.org/A5089632338,1
https://openalex.org/A5036409355,https://openalex.org/A5052634743,1
https://openalex.org/A5036409355,https://openalex.org/A5060720077,2
https://openalex.org/A5036409355,https://openalex.org/A5075330511,1
https://openalex.org/A5036409355,https://openalex.org/A5097726254,1
https://openalex.org/A5036474807,https://openalex.org/A5043554069,1
https://openalex.org/A5036474807,https://openalex.org/A5046426754,1
https://openalex.org/A5036474807,https://openalex.org/A5049048345,1
https://openalex.org/A5036474807,https://openalex.org/A5049564822,1
https://openalex.org/A5036474807,https://openalex.org/A5112337293,1
https://openalex.org/A5036474807,https://openalex.org/A5113601000,1
https://openalex.org/A5036557698,https://openalex.org/A5059837107,1
https://openalex.org/A5036684277,https://openalex.org/A5043785337,1
https://openalex.org/A5036684277,https://openalex.org/A5066060108,1
https://openalex.org/A5036684277,https://openalex.org/A5089632338,2
https://openalex.org/A5036684277,https://openalex.org/A5108725249,1
https://openalex.org/A5036705796,https://openalex.org/A5083222906,1
https://openalex.org/A5036705796,https://openalex.org/A5089319250,1
https://openalex.org/A5037031804,https://openalex.org/A5061014073,2
https://openalex.org/A5037031804,https://openalex.org/A5076730877,2
https://openalex.org/A5037248357,https://openalex.org/A5072199101,1
https://openalex.org/A5037248357,https://openalex.org/A5079191166,3
https://openalex.org/A5037294703,https://openalex.org/A5101773482,2
https://openalex.org/A5037328465,https://openalex.org/A5043554069,2
https://openalex.org/A5037328465,https://openalex.org/A5048145993,1
https://openalex.org/A5037328465,https://openalex.org/A5071861994,2
https://openalex.org/A5037328465,https://openalex.org/A5075398663,1
https://openalex.org/A5037328465,https://openalex.org/A5112337293,2
https://openalex.org/A5037399002,https://openalex.org/A5077076307,1
https://openalex.org/A5037399002,https://openalex.org/A5089439942,1
https://openalex.org/A5037420817,https://openalex.org/A5042378770,2
https://openalex.org/A5037512983,https://openalex.org/A5067759878,4
https://openalex.org/A5037512983,https://openalex.org/A5077245301,1
https://openalex.org/A5037512983,https://openalex.org/A5081104338,2
https://openalex.org/A5037512983,https://openalex.org/A5088666995,2
https://openalex.org/A5037512983,https://openalex.org/A5104453572,2
https://openalex.org/A5037706387,https://openalex.org/A5043554069,2
https://openalex.org/A5037706387,https://openalex.org/A5049048345,1
https://openalex.org/A5037706387,https://openalex.org/A5050608089,1
https://openalex.org/A5037706387,https://openalex.org/A5055167539,1
https://openalex.org/A5037706387,https://openalex.org/A5075398663,2
https://openalex.org/A5037706387,https://openalex.org/A5086892987,1
https://openalex.org/A5037727864,https://openalex.org/A5110055402,1
https://openalex.org/A5037743290,https://openalex.org/A5051015936,1
https://openalex.org/A5037752946,https://openalex.org/A5046362429,1
https://openalex.org/A5037752946,https://openalex.org/A5056769433,6
https://openalex.org/A5037752946,https://openalex.org/A5064101767,1
https://openalex.org/A5037752946,https://openalex.org/A5064505782,1
https://openalex.org/A5037752946,https://openalex.org/A5082294586,1
https://openalex.org/A5037752946,https://openalex.org/A5084032458,1
https://openalex.org/A5037752946,https://openalex.org/A5092932421,1
https://openalex.org/A5037752946,https://openalex.org/A5092932422,1
https://openalex.org/A5037752946,https://openalex.org/A5107039985,1
https://openalex.org/A5037752946,https://openalex.org/A5107039986,1
https://openalex.org/A5037752946,https://openalex.org/A5111318020,1
https://openalex.org/A5037768780,https://openalex.org/A5071400383,1
https://openalex.org/A5037808738,https://openalex.org/A5039549441,2
https://openalex.org/A5037808738,https://openalex.org/A5073869040,2
https://openalex.org/A5037952003,https://openalex.org/A5096863036,1
https://openalex.org/A5037970942,https://openalex.org/A5055194120,1
https://openalex.org/A5038159033,https://openalex.org/A5083677544,1
https://openalex.org/A5038159033,https://openalex.org/A5085453319,3
https://openalex.org/A5038159033,https://openalex.org/A5097587451,1
https://openalex.org/A5038225668,https://openalex.org/A5063428555,3
https://openalex.org/A5038225668,https://openalex.org/A5073869040,1
https://openalex.org/A5038225668,https://openalex.org/A5081107152,1
https://openalex.org/A5038225668,https://openalex.org/A5084651023,1
https://openalex.org/A5038225668,https://openalex.org/A5088583930,1
https://openalex.org/A5038501300,https://openalex.org/A5050736667,1
https://openalex.org/A5038501300,https://openalex.org/A5054032260,1
https://openalex.org/A5038501300,https://openalex.org/A5084548967,2
https://openalex.org/A5038549619,https://openalex.org/A5070751217,1
https://openalex.org/A5038715364,https://openalex.org/A5111731491,3
https://openalex.org/A5038857766,https://openalex.org/A5039804455,2
https://openalex.org/A5038908169,https://openalex.org/A5071141709,1
https://openalex.org/A5038921157,https://openalex.org/A5084151216,1
https://openalex.org/A5038921157,https://openalex.org/A5103399500,1
https://openalex.org/A5038921157,https://openalex.org/A5114035818,1
https://openalex.org/A5038962834,https://openalex.org/A5060086711,1
https://openalex.org/A5038962834,https://openalex.org/A5064101767,1
https://openalex.org/A5038962834,https://openalex.org/A5067735271,1
https://openalex.org/A5038962834,https://openalex.org/A5091661922,2
https://openalex.org/A5039007443,https://openalex.org/A5067428017,1
https://openalex.org/A5039007443,https://openalex.org/A5074750395,1
https://openalex.org/A5039034367,https://openalex.org/A5053796955,1
https://openalex.org/A5039034367,https://openalex.org/A5072890721,1
https://openalex.org/A5039034367,https://openalex.org/A5091683666,1
https://openalex.org/A5039270416,https://openalex.org/A5051072292,2
https://openalex.org/A5039270416,https://openalex.org/A5087924932,2
https://openalex.org/A5039340931,https://openalex.org/A5051838322,1
https://openalex.org/A5039340931,https://openalex.org/A5069421801,1
https://openalex.org/A5039340931,https://openalex.org/A5079799697,1
https://openalex.org/A5039363393,https://openalex.org/A5045970678,2
https://openalex.org/A5039519270,https://openalex.org/A5088932648,1
https://openalex.org/A5039519270,https://openalex.org/A5089694443,1
https://openalex.org/A5039519270,https://openalex.org/A5092814508,1
https://openalex.org/A5039519270,https://openalex.org/A5103274966,1
https://openalex.org/A5039519270,https://openalex.org/A5106344614,1
https://openalex.org/A5039519270,https://openalex.org/A5119709804,1
https://openalex.org/A5039519270,https://openalex.org/A5119709805,1
https://openalex.org/A5039544534,https://openalex.org/A5041936341,1
https://openalex.org/A5039544534,https://openalex.org/A5079998956,1
https://openalex.org/A5039544534,https://openalex.org/A5112807550,1
https://openalex.org/A5039544534,https://openalex.org/A5119181804,1
https://openalex.org/A5039544534,https://openalex.org/A5119181805,1
https://openalex.org/A5039544534,https://openalex.org/A5119181806,1
https://openalex.org/A5039549441,https://openalex.org/A5073869040,6
https://openalex.org/A5039606822,https://openalex.org/A5074408427,1
https://openalex.org/A5039625471,https://openalex.org/A5073732820,1
https://openalex.org/A5039721906,https://openalex.org/A5062392034,1
https://openalex.org/A5039721906,https://openalex.org/A5089791310,1
https://openalex.org/A5039738778,https://openalex.org/A5077453727,1
https://openalex.org/A5039738778,https://openalex.org/A5082836340,1
https://openalex.org/A5039738778,https://openalex.org/A5086311016,1
https://openalex.org/A5039822503,https://openalex.org/A5059633896,1
https://openalex.org/A5040212676,https://openalex.org/A5055850531,1
https://openalex.org/A5040212676,https://openalex.org/A5058801148,1
https://openalex.org/A5040408612,https://openalex.org/A5050571686,1
https://openalex.org/A5040408612,https://openalex.org/A5052131599,1
https://openalex.org/A5040408612,https://openalex.org/A5085090266,1
https://openalex.org/A5040408612,https://openalex.org/A5108635425,1
https://openalex.org/A5040546815,https://openalex.org/A5050571686,1
https://openalex.org/A5040550394,https://openalex.org/A5051060684,1
https://openalex.org/A5040550394,https://openalex.org/A5053461203,1
https://openalex.org/A5040550394,https://openalex.org/A5075621921,1
https://openalex.org/A5040550394,https://openalex.org/A5091193840,1
https://openalex.org/A5040550394,https://openalex.org/A5103593452,1
https://openalex.org/A5040551863,https://openalex.org/A5047699475,1
https://openalex.org/A5040618296,https://openalex.org/A5085388961,1
https://openalex.org/A5040618296,https://openalex.org/A5086308937,1
https://openalex.org/A5040675427,https://openalex.org/A5051657599,2
https://openalex.org/A5040740393,https://openalex.org/A5050571686,6
https://openalex.org/A5040740393,https://openalex.org/A5052131599,2
https://openalex.org/A5040740393,https://openalex.org/A5067240326,1
https://openalex.org/A5040740393,https://openalex.org/A5067372718,1
https://openalex.org/A5040740393,https://openalex.org/A5067428017,1
https://openalex.org/A5040763154,https://openalex.org/A5114164714,3
https://openalex.org/A5040780850,https://openalex.org/A5048653799,1
https://openalex.org/A5040780850,https://openalex.org/A5056769433,2
https://openalex.org/A5040780850,https://openalex.org/A5099295752,1
https://openalex.org/A5040780850,https://openalex.org/A5102085388,1
https://openalex.org/A5040800630,https://openalex.org/A5076929924,2
https://openalex.org/A5040844567,https://openalex.org/A5050736667,1
https://openalex.org/A5040844567,https://openalex.org/A5102100736,1
https://openalex.org/A5041108717,https://openalex.org/A5059180536,1
https://openalex.org/A5041202292,https://openalex.org/A5043554069,5
https://openalex.org/A5041202292,https://openalex.org/A5061452927,1
https://openalex.org/A5041202292,https://openalex.org/A5061905338,1
https://openalex.org/A5041202292,https://openalex.org/A5062317300,2
https://openalex.org/A5041202292,https://openalex.org/A5067938836,1
https://openalex.org/A5041202292,https://openalex.org/A5068134730,1
https://openalex.org/A5041202292,https://openalex.org/A5071861994,1
https://openalex.org/A5041202292,https://openalex.org/A5075398663,1
https://openalex.org/A5041202292,https://openalex.org/A5081489498,1
https://openalex.org/A5041202292,https://openalex.org/A5108261966,1
https://openalex.org/A5041202292,https://openalex.org/A5112337293,4
https://openalex.org/A5041302506,https://openalex.org/A5050568486,2
https://openalex.org/A5041356159,https://openalex.org/A5089512509,2
https://openalex.org/A5041369629,https://openalex.org/A5067079036,1
https://openalex.org/A5041369629,https://openalex.org/A5108400765,1
https://openalex.org/A5041550795,https://openalex.org/A5050743443,2
https://openalex.org/A5041550795,https://openalex.org/A5069070673,1
https://openalex.org/A5041550795,https://openalex.org/A5081642057,1
https://openalex.org/A5041561439,https://openalex.org/A5056438623,1
https://openalex.org/A5041696209,https://openalex.org/A5056297807,1
https://openalex.org/A5041791430,https://openalex.org/A5051072292,2
https://openalex.org/A5041842737,https://openalex.org/A5105997647,1
https://openalex.org/A5041936341,https://openalex.org/A5112807550,1
https://openalex.org/A5041936341,https://openalex.org/A5119181804,1
https://openalex.org/A5041936341,https://openalex.org/A5119181805,1
https://openalex.org/A5041936341,https://openalex.org/A5119181806,1
https://openalex.org/A5042214070,https://openalex.org/A5065801009,1
https://openalex.org/A5042214070,https://openalex.org/A5079191166,1
https://openalex.org/A5042214070,https://openalex.org/A5097511049,1
https://openalex.org/A5042261927,https://openalex.org/A5073291513,1
https://openalex.org/A5042292435,https://openalex.org/A5043554069,1
https://openalex.org/A5042292435,https://openalex.org/A5075398663,1
https://openalex.org/A5042292435,https://openalex.org/A5112337293,1
https://openalex.org/A5042365548,https://openalex.org/A5055325602,1
https://openalex.org/A5042365548,https://openalex.org/A5071141709,1
https://openalex.org/A5042365548,https://openalex.org/A5092807227,1
https://openalex.org/A5042465970,https://openalex.org/A5080765175,1
https://openalex.org/A5042465970,https://openalex.org/A5106842179,1
https://openalex.org/A5042583610,https://openalex.org/A5115779818,1
https://openalex.org/A5042705844,https://openalex.org/A5048379975,1
https://openalex.org/A5042705844,https://openalex.org/A5053468634,1
https://openalex.org/A5042705844,https://openalex.org/A5058134338,1
https://openalex.org/A5042705844,https://openalex.org/A5061092883,1
https://openalex.org/A5042705844,https://openalex.org/A5108400765,1
https://openalex.org/A5042763858,https://openalex.org/A5051060684,1
https://openalex.org/A5042763858,https://openalex.org/A5059328921,1
https://openalex.org/A5042763858,https://openalex.org/A5088134184,1
https://openalex.org/A5042763858,https://openalex.org/A5088932648,1
https://openalex.org/A5042763858,https://openalex.org/A5103274966,1
https://openalex.org/A5042763858,https://openalex.org/A5103593452,2
https://openalex.org/A5042872110,https://openalex.org/A5063615891,5
https://openalex.org/A5042872110,https://openalex.org/A5075508620,3
https://openalex.org/A5042872110,https://openalex.org/A5088153574,1
https://openalex.org/A5042955545,https://openalex.org/A5076044489,1
https://openalex.org/A5042955545,https://openalex.org/A5080359028,1
https://openalex.org/A5042955545,https://openalex.org/A5091206098,1
https://openalex.org/A5042966198,https://openalex.org/A5043975863,4
https://openalex.org/A5042966198,https://openalex.org/A5119706431,1
https://openalex.org/A5042966198,https://openalex.org/A5119706432,1
https://openalex.org/A5043053937,https://openalex.org/A5108635425,2
https://openalex.org/A5043155729,https://openalex.org/A5066533684,3
https://openalex.org/A5043260408,https://openalex.org/A5062184048,3
https://openalex.org/A5043260408,https://openalex.org/A5072483663,3
https://openalex.org/A5043260408,https://openalex.org/A5101933586,1
https://openalex.org/A5043313565,https://openalex.org/A5061014073,1
https://openalex.org/A5043313565,https://openalex.org/A5093559383,1
https://openalex.org/A5043313565,https://openalex.org/A5111632799,1
https://openalex.org/A5043313565,https://openalex.org/A5115779817,1
https://openalex.org/A5043313565,https://openalex.org/A5115779818,1
https://openalex.org/A5043313565,https://openalex.org/A5115779819,1
https://openalex.org/A5043368246,https://openalex.org/A5111453774,1
https://openalex.org/A5043468018,https://openalex.org/A5062225338,1
https://openalex.org/A5043554069,https://openalex.org/A5046426754,2
https://openalex.org/A5043554069,https://openalex.org/A5048145993,1
https://openalex.org/A5043554069,https://openalex.org/A5049048345,2
https://openalex.org/A5043554069,https://openalex.org/A5049187985,1
https://openalex.org/A5043554069,https://openalex.org/A5049564822,1
https://openalex.org/A5043554069,https://openalex.org/A5050608089,1
https://openalex.org/A5043554069,https://openalex.org/A5053846822,1
https://openalex.org/A5043554069,https://openalex.org/A5055167539,1
https://openalex.org/A5043554069,https://openalex.org/A5056660765,1
https://openalex.org/A5043554069,https://openalex.org/A5058765335,2
https://openalex.org/A5043554069,https://openalex.org/A5061452927,1
https://openalex.org/A5043554069,https://openalex.org/A5061905338,1
https://openalex.org/A5043554069,https://openalex.org/A5062107276,1
https://openalex.org/A5043554069,https://openalex.org/A5062317300,2
https://openalex.org/A5043554069,https://openalex.org/A5063694564,1
https://openalex.org/A5043554069,https://openalex.org/A5066533684,1
https://openalex.org/A5043554069,https://openalex.org/A5067938836,2
https://openalex.org/A5043554069,https://openalex.org/A5068134730,1
https://openalex.org/A5043554069,https://openalex.org/A5071861994,3
https://openalex.org/A5043554069,https://openalex.org/A5075398663,11
https://openalex.org/A5043554069,https://openalex.org/A5075501691,1
https://openalex.org/A5043554069,https://openalex.org/A5079722775,1
https://openalex.org/A5043554069,https://openalex.org/A5081489498,1
https://openalex.org/A5043554069,https://openalex.org/A5086892987,2
https://openalex.org/A5043554069,https://openalex.org/A5091223256,1
https://openalex.org/A5043554069,https://openalex.org/A5103560366,1
https://openalex.org/A5043554069,https://openalex.org/A5108261966,5
https://openalex.org/A5043554069,https://openalex.org/A5112337293,13
https://openalex.org/A5043554069,https://openalex.org/A5113601000,2
https://openalex.org/A5043554069,https://openalex.org/A5117823592,1
https://openalex.org/A5043554069,https://openalex.org/A5117823593,1
https://openalex.org/A5043564152,https://openalex.org/A5066533684,2
https://openalex.org/A5043564152,https://openalex.org/A5097327795,2
https://openalex.org/A5043564152,https://openalex.org/A5112652258,2
https://openalex.org/A5043679983,https://openalex.org/A5066388574,1
https://openalex.org/A5043679983,https://openalex.org/A5092001855,1
https://openalex.org/A5043679983,https://openalex.org/A5092001856,1
https://openalex.org/A5043695117,https://openalex.org/A5046275373,1
https://openalex.org/A5043695117,https://openalex.org/A5050840346,1
https://openalex.org/A5043695117,https://openalex.org/A5065801009,1
https://openalex.org/A5043695117,https://openalex.org/A5070365937,1
https://openalex.org/A5043695117,https://openalex.org/A5079191166,1
https://openalex.org/A5043718749,https://openalex.org/A5045970678,2
https://openalex.org/A5043737757,https://openalex.org/A5049372200,1
https://openalex.org/A5043785337,https://openalex.org/A5066060108,1
https://openalex.org/A5043785337,https://openalex.org/A5089632338,1
https://openalex.org/A5043930510,https://openalex.org/A5086606169,1
https://openalex.org/A5043975863,https://openalex.org/A5064828227,1
https://openalex.org/A5043975863,https://openalex.org/A5066332546,1
https://openalex.org/A5043975863,https://openalex.org/A5091423024,1
https://openalex.org/A5043975863,https://openalex.org/A5108247028,1
https://openalex.org/A5043975863,https://openalex.org/A5119706431,1
https://openalex.org/A5043975863,https://openalex.org/A5119706432,1
https://openalex.org/A5043989724,https://openalex.org/A5044097379,1
https://openalex.org/A5043989724,https://openalex.org/A5051657599,1
https://openalex.org/A5043989724,https://openalex.org/A5061050179,1
https://openalex.org/A5044081038,https://openalex.org/A5082061967,1
https://openalex.org/A5044081038,https://openalex.org/A5114164714,1
https://openalex.org/A5044097379,https://openalex.org/A5051657599,3
https://openalex.org/A5044097379,https://openalex.org/A5061050179,3
https://openalex.org/A5044142859,https://openalex.org/A5103399500,1
https://openalex.org/A5044195647,https://openalex.org/A5074519528,1
https://openalex.org/A5044195647,https://openalex.org/A5101773482,1
https://openalex.org/A5044210314,https://openalex.org/A5064154787,1
https://openalex.org/A5044210314,https://openalex.org/A5095746742,1
https://openalex.org/A5044210314,https://openalex.org/A5101338431,1
https://openalex.org/A5044210314,https://openalex.org/A5102650369,1
https://openalex.org/A5044210314,https://openalex.org/A5104282696,1
https://openalex.org/A5044255180,https://openalex.org/A5091429561,1
https://openalex.org/A5044343032,https://openalex.org/A5067027569,1
https://openalex.org/A5044395350,https://openalex.org/A5054032260,1
https://openalex.org/A5044395350,https://openalex.org/A5061425977,1
https://openalex.org/A5044395350,https://openalex.org/A5068985681,1
https://openalex.org/A5044395350,https://openalex.org/A5075285158,1
https://openalex.org/A5044395350,https://openalex.org/A5090234742,1
https://openalex.org/A5044571700,https://openalex.org/A5053907266,1
https://openalex.org/A5044617353,https://openalex.org/A5045913591,1
https://openalex.org/A5044642676,https://openalex.org/A5045905037,1
https://openalex.org/A5044642676,https://openalex.org/A5084948929,1
https://openalex.org/A5044802677,https://openalex.org/A5049270805,1
https://openalex.org/A5044802677,https://openalex.org/A5069265507,1
https://openalex.org/A5044802677,https://openalex.org/A5101773482,1
https://openalex.org/A5045133726,https://openalex.org/A5051690784,1
https://openalex.org/A5045133726,https://openalex.org/A5055850531,1
https://openalex.org/A5045133726,https://openalex.org/A5058489194,1
https://openalex.org/A5045235831,https://openalex.org/A5107513644,1
https://openalex.org/A5045447012,https://openalex.org/A5058501246,1
https://openalex.org/A5045726741,https://openalex.org/A5071964071,1
https://openalex.org/A5045782938,https://openalex.org/A5093105752,1
https://openalex.org/A5045905037,https://openalex.org/A5084948929,1
https://openalex.org/A5045913591,https://openalex.org/A5058974994,2
https://openalex.org/A5045957204,https://openalex.org/A5114035818,1
https://openalex.org/A5045970678,https://openalex.org/A5058704718,1
https://openalex.org/A5045970678,https://openalex.org/A5058795293,1
https://openalex.org/A5045970678,https://openalex.org/A5058892077,3
https://openalex.org/A5045970678,https://openalex.org/A5059053277,1
https://openalex.org/A5045970678,https://openalex.org/A5065432839,1
https://openalex.org/A5045970678,https://openalex.org/A5065801009,1
https://openalex.org/A5045970678,https://openalex.org/A5067152947,1
https://openalex.org/A5045970678,https://openalex.org/A5073997156,1
https://openalex.org/A5045970678,https://openalex.org/A5082250065,1
https://openalex.org/A5045970678,https://openalex.org/A5086029237,1
https://openalex.org/A5045970678,https://openalex.org/A5088325588,1
https://openalex.org/A5045970678,https://openalex.org/A5096891943,1
https://openalex.org/A5045970678,https://openalex.org/A5097672220,1
https://openalex.org/A5046041037,https://openalex.org/A5070195274,1
https://openalex.org/A5046093037,https://openalex.org/A5090857526,1
https://openalex.org/A5046134568,https://openalex.org/A5091221219,2
https://openalex.org/A5046134568,https://openalex.org/A5103130908,1
https://openalex.org/A5046134568,https://openalex.org/A5130093283,2
https://openalex.org/A5046169587,https://openalex.org/A5054032260,1
https://openalex.org/A5046275373,https://openalex.org/A5050840346,1
https://openalex.org/A5046275373,https://openalex.org/A5065801009,1
https://openalex.org/A5046275373,https://openalex.org/A5070365937,1
https://openalex.org/A5046275373,https://openalex.org/A5079191166,1
https://openalex.org/A5046356872,https://openalex.org/A5048236664,1
https://openalex.org/A5046362429,https://openalex.org/A5048653799,1
https://openalex.org/A5046362429,https://openalex.org/A5056769433,3
https://openalex.org/A5046362429,https://openalex.org/A5064101767,2
https://openalex.org/A5046362429,https://openalex.org/A5064505782,1
https://openalex.org/A5046362429,https://openalex.org/A5079766432,1
https://openalex.org/A5046362429,https://openalex.org/A5084032458,1
https://openalex.org/A5046362429,https://openalex.org/A5099295752,1
https://openalex.org/A5046362429,https://openalex.org/A5107039985,1
https://openalex.org/A5046362429,https://openalex.org/A5107039986,1
https://openalex.org/A5046362429,https://openalex.org/A5111318020,1
https://openalex.org/A5046426754,https://openalex.org/A5049048345,1
https://openalex.org/A5046426754,https://openalex.org/A5049564822,1
https://openalex.org/A5046426754,https://openalex.org/A5053846822,1
https://openalex.org/A5046426754,https://openalex.org/A5056660765,1
https://openalex.org/A5046426754,https://openalex.org/A5058765335,1
https://openalex.org/A5046426754,https://openalex.org/A5086892987,1
https://openalex.org/A5046426754,https://openalex.org/A5112337293,2
https://openalex.org/A5046426754,https://openalex.org/A5113601000,2
https://openalex.org/A5046449882,https://openalex.org/A5094920567,1
https://openalex.org/A5046560915,https://openalex.org/A5091641645,1
https://openalex.org/A5046560915,https://openalex.org/A5117253192,2
https://openalex.org/A5046560915,https://openalex.org/A5120204537,1
https://openalex.org/A5046560915,https://openalex.org/A5120204538,1
https://openalex.org/A5046672659,https://openalex.org/A5056769433,1
https://openalex.org/A5046672659,https://openalex.org/A5058687070,11
https://openalex.org/A5046702972,https://openalex.org/A5057402549,1
https://openalex.org/A5046702972,https://openalex.org/A5108978721,1
https://openalex.org/A5046702972,https://openalex.org/A5111311786,1
https://openalex.org/A5046931681,https://openalex.org/A5118137029,1
https://openalex.org/A5046996986,https://openalex.org/A5061146101,3
https://openalex.org/A5046996986,https://openalex.org/A5078245654,1
https://openalex.org/A5046996986,https://openalex.org/A5085341467,2
https://openalex.org/A5046996986,https://openalex.org/A5089136789,2
https://openalex.org/A5047159066,https://openalex.org/A5068596520,1
https://openalex.org/A5047159066,https://openalex.org/A5090947512,1
https://openalex.org/A5047204090,https://openalex.org/A5049250533,1
https://openalex.org/A5047237685,https://openalex.org/A5048581349,1
https://openalex.org/A5047237685,https://openalex.org/A5049636979,2
https://openalex.org/A5047237685,https://openalex.org/A5052798610,4
https://openalex.org/A5047237685,https://openalex.org/A5073874183,1
https://openalex.org/A5047237685,https://openalex.org/A5109983411,1
https://openalex.org/A5047237685,https://openalex.org/A5111396662,2
https://openalex.org/A5047265262,https://openalex.org/A5059782634,1
https://openalex.org/A5047305897,https://openalex.org/A5064645133,1
https://openalex.org/A5047305897,https://openalex.org/A5110768672,1
https://openalex.org/A5047317883,https://openalex.org/A5068803287,1
https://openalex.org/A5047475034,https://openalex.org/A5066533684,2
https://openalex.org/A5047475034,https://openalex.org/A5069533703,2
https://openalex.org/A5047475034,https://openalex.org/A5072924813,2
https://openalex.org/A5047475034,https://openalex.org/A5076597021,2
https://openalex.org/A5047475034,https://openalex.org/A5079958904,1
https://openalex.org/A5047475034,https://openalex.org/A5087069760,2
https://openalex.org/A5047475034,https://openalex.org/A5103361511,2
https://openalex.org/A5047475034,https://openalex.org/A5109189936,2
https://openalex.org/A5047475034,https://openalex.org/A5119061438,2
https://openalex.org/A5047475034,https://openalex.org/A5119061439,2
https://openalex.org/A5047475034,https://openalex.org/A5119061440,2
https://openalex.org/A5047475034,https://openalex.org/A5119061441,2
https://openalex.org/A5047475034,https://openalex.org/A5119061442,2
https://openalex.org/A5047475034,https://openalex.org/A5119061443,2
https://openalex.org/A5047666574,https://openalex.org/A5064310321,1
https://openalex.org/A5047705879,https://openalex.org/A5051452263,2
https://openalex.org/A5047705879,https://openalex.org/A5069808535,1
https://openalex.org/A5047705879,https://openalex.org/A5104353011,1
https://openalex.org/A5047705879,https://openalex.org/A5120860428,1
https://openalex.org/A5047733534,https://openalex.org/A5065223965,1
https://openalex.org/A5047733534,https://openalex.org/A5071035630,1
https://openalex.org/A5047733534,https://openalex.org/A5071406761,1
https://openalex.org/A5047733534,https://openalex.org/A5072751038,1
https://openalex.org/A5047790629,https://openalex.org/A5112584187,1
https://openalex.org/A5047865583,https://openalex.org/A5067428017,1
https://openalex.org/A5047897029,https://openalex.org/A5066533684,2
https://openalex.org/A5047897029,https://openalex.org/A5089798637,2
https://openalex.org/A5047897029,https://openalex.org/A5116582244,2
https://openalex.org/A5047919372,https://openalex.org/A5050672656,1
https://openalex.org/A5048011530,https://openalex.org/A5052131599,1
https://openalex.org/A5048011530,https://openalex.org/A5057089293,2
https://openalex.org/A5048011530,https://openalex.org/A5057804082,1
https://openalex.org/A5048011530,https://openalex.org/A5071964071,1
https://openalex.org/A5048022817,https://openalex.org/A5088418815,1
https://openalex.org/A5048035040,https://openalex.org/A5087859573,1
https://openalex.org/A5048145993,https://openalex.org/A5071861994,1
https://openalex.org/A5048145993,https://openalex.org/A5112337293,1
https://openalex.org/A5048379975,https://openalex.org/A5053468634,1
https://openalex.org/A5048379975,https://openalex.org/A5058134338,1
https://openalex.org/A5048379975,https://openalex.org/A5061092883,1
https://openalex.org/A5048379975,https://openalex.org/A5108400765,1
https://openalex.org/A5048581349,https://openalex.org/A5061291497,2
https://openalex.org/A5048581349,https://openalex.org/A5073874183,1
https://openalex.org/A5048581349,https://openalex.org/A5097082982,3
https://openalex.org/A5048581349,https://openalex.org/A5097138809,3
https://openalex.org/A5048631370,https://openalex.org/A5058974994,1
https://openalex.org/A5048631370,https://openalex.org/A5071400383,1
https://openalex.org/A5048653799,https://openalex.org/A5056769433,5
https://openalex.org/A5048653799,https://openalex.org/A5064101767,1
https://openalex.org/A5048653799,https://openalex.org/A5079766432,1
https://openalex.org/A5048653799,https://openalex.org/A5099295752,2
https://openalex.org/A5048786894,https://openalex.org/A5063428555,1
https://openalex.org/A5048786894,https://openalex.org/A5108115052,1
https://openalex.org/A5048946275,https://openalex.org/A5058765335,1
https://openalex.org/A5048946275,https://openalex.org/A5083888741,1
https://openalex.org/A5049047115,https://openalex.org/A5053907266,2
https://openalex.org/A5049047115,https://openalex.org/A5056769433,2
https://openalex.org/A5049047115,https://openalex.org/A5067322923,2
https://openalex.org/A5049047115,https://openalex.org/A5084651023,2
https://openalex.org/A5049048345,https://openalex.org/A5049564822,1
https://openalex.org/A5049048345,https://openalex.org/A5050608089,1
https://openalex.org/A5049048345,https://openalex.org/A5055167539,1
https://openalex.org/A5049048345,https://openalex.org/A5075398663,1
https://openalex.org/A5049048345,https://openalex.org/A5086892987,1
https://openalex.org/A5049048345,https://openalex.org/A5112337293,1
https://openalex.org/A5049048345,https://openalex.org/A5113601000,1
https://openalex.org/A5049187985,https://openalex.org/A5108261966,1
https://openalex.org/A5049270805,https://openalex.org/A5069265507,1
https://openalex.org/A5049270805,https://openalex.org/A5101773482,1
https://openalex.org/A5049297558,https://openalex.org/A5053907266,1
https://openalex.org/A5049372200,https://openalex.org/A5082262931,1
https://openalex.org/A5049484103,https://openalex.org/A5053907266,1
https://openalex.org/A5049484103,https://openalex.org/A5063428555,1
https://openalex.org/A5049564822,https://openalex.org/A5112337293,1
https://openalex.org/A5049564822,https://openalex.org/A5113601000,1
https://openalex.org/A5049710041,https://openalex.org/A5069805764,1
https://openalex.org/A5050141326,https://openalex.org/A5122356633,1
https://openalex.org/A5050267002,https://openalex.org/A5050736667,1
https://openalex.org/A5050267002,https://openalex.org/A5055282976,1
https://openalex.org/A5050293303,https://openalex.org/A5051657599,1
https://openalex.org/A5050293303,https://openalex.org/A5056769433,1
https://openalex.org/A5050293303,https://openalex.org/A5058765335,1
https://openalex.org/A5050293303,https://openalex.org/A5060969779,2
https://openalex.org/A5050293303,https://openalex.org/A5061146101,1
https://openalex.org/A5050293303,https://openalex.org/A5063779850,1
https://openalex.org/A5050293303,https://openalex.org/A5066839118,1
https://openalex.org/A5050293303,https://openalex.org/A5067322923,1
https://openalex.org/A5050293303,https://openalex.org/A5069596316,1
https://openalex.org/A5050293303,https://openalex.org/A5079884758,1
https://openalex.org/A5050293303,https://openalex.org/A5092585408,1
https://openalex.org/A5050293303,https://openalex.org/A5101773482,5
https://openalex.org/A5050568486,https://openalex.org/A5066973790,3
https://openalex.org/A5050568486,https://openalex.org/A5079479033,1
https://openalex.org/A5050568486,https://openalex.org/A5084747730,1
https://openalex.org/A5050571686,https://openalex.org/A5052131599,1
https://openalex.org/A5050571686,https://openalex.org/A5067428017,5
https://openalex.org/A5050571686,https://openalex.org/A5085090266,1
https://openalex.org/A5050571686,https://openalex.org/A5108635425,57
https://openalex.org/A5050608089,https://openalex.org/A5055167539,1
https://openalex.org/A5050608089,https://openalex.org/A5075398663,1
https://openalex.org/A5050608089,https://openalex.org/A5086892987,1
https://openalex.org/A5050642679,https://openalex.org/A5058740240,1
https://openalex.org/A5050642679,https://openalex.org/A5074474898,1
https://openalex.org/A5050642679,https://openalex.org/A5074712210,1
https://openalex.org/A5050642679,https://openalex.org/A5092795383,2
https://openalex.org/A5050642679,https://openalex.org/A5097044782,1
https://openalex.org/A5050642679,https://openalex.org/A5102543858,1
https://openalex.org/A5050642679,https://openalex.org/A5110423454,2
https://openalex.org/A5050642679,https://openalex.org/A5112287749,1
https://openalex.org/A5050642679,https://openalex.org/A5112287750,1
https://openalex.org/A5050667696,https://openalex.org/A5081779413,1
https://openalex.org/A5050667696,https://openalex.org/A5085453319,1
https://openalex.org/A5050667696,https://openalex.org/A5092585408,1
https://openalex.org/A5050667696,https://openalex.org/A5113087533,1
https://openalex.org/A5050667696,https://openalex.org/A5119533826,1
https://openalex.org/A5050736667,https://openalex.org/A5055282976,1
https://openalex.org/A5050736667,https://openalex.org/A5060005073,1
https://openalex.org/A5050736667,https://openalex.org/A5061950480,1
https://openalex.org/A5050736667,https://openalex.org/A5066192981,1
https://openalex.org/A5050736667,https://openalex.org/A5066329592,1
https://openalex.org/A5050736667,https://openalex.org/A5068046467,1
https://openalex.org/A5050736667,https://openalex.org/A5092815392,1
https://openalex.org/A5050736667,https://openalex.org/A5092815394,1
https://openalex.org/A5050736667,https://openalex.org/A5097377389,1
https://openalex.org/A5050736667,https://openalex.org/A5097403531,1
https://openalex.org/A5050736667,https://openalex.org/A5102100736,1
https://openalex.org/A5050736667,https://openalex.org/A5111799070,2
https://openalex.org/A5050743443,https://openalex.org/A5069070673,2
https://openalex.org/A5050743443,https://openalex.org/A5081642057,1
https://openalex.org/A5050774654,https://openalex.org/A5056769433,4
https://openalex.org/A5050774654,https://openalex.org/A5067322923,1
https://openalex.org/A5050774654,https://openalex.org/A5093117378,1
https://openalex.org/A5050774654,https://openalex.org/A5112936278,1
https://openalex.org/A5050803329,https://openalex.org/A5050990603,1
https://openalex.org/A5050803329,https://openalex.org/A5112772477,1
https://openalex.org/A5050840346,https://openalex.org/A5065801009,1
https://openalex.org/A5050840346,https://openalex.org/A5070365937,1
https://openalex.org/A5050840346,https://openalex.org/A5079191166,2
https://openalex.org/A5050990603,https://openalex.org/A5112772477,1
https://openalex.org/A5051037376,https://openalex.org/A5053907266,3
https://openalex.org/A5051037376,https://openalex.org/A5069155026,3
https://openalex.org/A5051037376,https://openalex.org/A5073119516,1
https://openalex.org/A5051037376,https://openalex.org/A5107766047,1
https://openalex.org/A5051037376,https://openalex.org/A5107766048,1
https://openalex.org/A5051037376,https://openalex.org/A5107767296,1
https://openalex.org/A5051037376,https://openalex.org/A5107767297,1
https://openalex.org/A5051037376,https://openalex.org/A5111354234,1
https://openalex.org/A5051037376,https://openalex.org/A5113419379,1
https://openalex.org/A5051060684,https://openalex.org/A5053461203,1
https://openalex.org/A5051060684,https://openalex.org/A5059328921,1
https://openalex.org/A5051060684,https://openalex.org/A5075621921,1
https://openalex.org/A5051060684,https://openalex.org/A5088932648,1
https://openalex.org/A5051060684,https://openalex.org/A5091193840,1
https://openalex.org/A5051060684,https://openalex.org/A5103274966,1
https://openalex.org/A5051060684,https://openalex.org/A5103593452,2
https://openalex.org/A5051072292,https://openalex.org/A5087924932,2
https://openalex.org/A5051298240,https://openalex.org/A5073732820,2
https://openalex.org/A5051452263,https://openalex.org/A5069808535,1
https://openalex.org/A5051452263,https://openalex.org/A5104353011,1
https://openalex.org/A5051452263,https://openalex.org/A5120860428,1
https://openalex.org/A5051657599,https://openalex.org/A5056769433,1
https://openalex.org/A5051657599,https://openalex.org/A5058765335,1
https://openalex.org/A5051657599,https://openalex.org/A5061050179,3
https://openalex.org/A5051657599,https://openalex.org/A5061146101,1
https://openalex.org/A5051657599,https://openalex.org/A5062307867,1
https://openalex.org/A5051657599,https://openalex.org/A5063779850,1
https://openalex.org/A5051657599,https://openalex.org/A5064177508,4
https://openalex.org/A5051657599,https://openalex.org/A5065156917,2
https://openalex.org/A5051657599,https://openalex.org/A5067322923,1
https://openalex.org/A5051657599,https://openalex.org/A5069596316,1
https://openalex.org/A5051657599,https://openalex.org/A5079884758,1
https://openalex.org/A5051657599,https://openalex.org/A5092585408,1
https://openalex.org/A5051657599,https://openalex.org/A5101773482,1
https://openalex.org/A5051690784,https://openalex.org/A5055850531,8
https://openalex.org/A5051690784,https://openalex.org/A5058489194,3
https://openalex.org/A5051690784,https://openalex.org/A5058593153,2
https://openalex.org/A5051690784,https://openalex.org/A5077706738,1
https://openalex.org/A5051690784,https://openalex.org/A5111673029,5
https://openalex.org/A5051775910,https://openalex.org/A5090601251,1
https://openalex.org/A5051775910,https://openalex.org/A5091624479,1
https://openalex.org/A5051775910,https://openalex.org/A5097580676,1
https://openalex.org/A5051775910,https://openalex.org/A5113440716,1
https://openalex.org/A5051920064,https://openalex.org/A5087543342,2
https://openalex.org/A5051958199,https://openalex.org/A5065724004,1
https://openalex.org/A5051958199,https://openalex.org/A5071684543,1
https://openalex.org/A5052012024,https://openalex.org/A5057089293,2
https://openalex.org/A5052012024,https://openalex.org/A5067495229,1
https://openalex.org/A5052078991,https://openalex.org/A5111080870,1
https://openalex.org/A5052131599,https://openalex.org/A5085090266,1
https://openalex.org/A5052131599,https://openalex.org/A5108635425,5
https://openalex.org/A5052133703,https://openalex.org/A5077809014,1
https://openalex.org/A5052133703,https://openalex.org/A5085366399,1
https://openalex.org/A5052482777,https://openalex.org/A5079191166,1
https://openalex.org/A5052482777,https://openalex.org/A5086166518,1
https://openalex.org/A5052538207,https://openalex.org/A5091641645,2
https://openalex.org/A5052538207,https://openalex.org/A5103426371,1
https://openalex.org/A5052599957,https://openalex.org/A5055850531,3
https://openalex.org/A5052599957,https://openalex.org/A5086881192,2
https://openalex.org/A5053128267,https://openalex.org/A5056769433,2
https://openalex.org/A5053128267,https://openalex.org/A5085453319,1
https://openalex.org/A5053128267,https://openalex.org/A5088083016,1
https://openalex.org/A5053145069,https://openalex.org/A5055889402,1
https://openalex.org/A5053145069,https://openalex.org/A5056823105,1
https://openalex.org/A5053461203,https://openalex.org/A5056662160,1
https://openalex.org/A5053461203,https://openalex.org/A5075621921,1
https://openalex.org/A5053461203,https://openalex.org/A5088932648,1
https://openalex.org/A5053461203,https://openalex.org/A5091193840,2
https://openalex.org/A5053461203,https://openalex.org/A5103593452,1
https://openalex.org/A5053468634,https://openalex.org/A5058134338,1
https://openalex.org/A5053468634,https://openalex.org/A5061092883,1
https://openalex.org/A5053468634,https://openalex.org/A5108400765,1
https://openalex.org/A5053744876,https://openalex.org/A5060100831,1
https://openalex.org/A5053744876,https://openalex.org/A5082926783,1
https://openalex.org/A5053744876,https://openalex.org/A5084948929,7
https://openalex.org/A5053796955,https://openalex.org/A5072890721,1
https://openalex.org/A5053796955,https://openalex.org/A5091683666,1
https://openalex.org/A5053837203,https://openalex.org/A5063853573,2
https://openalex.org/A5053837203,https://openalex.org/A5088990275,1
https://openalex.org/A5053846822,https://openalex.org/A5056660765,1
https://openalex.org/A5053846822,https://openalex.org/A5058765335,1
https://openalex.org/A5053846822,https://openalex.org/A5086892987,1
https://openalex.org/A5053846822,https://openalex.org/A5112337293,1
https://openalex.org/A5053846822,https://openalex.org/A5113601000,1
https://openalex.org/A5053875563,https://openalex.org/A5103399500,1
https://openalex.org/A5053907266,https://openalex.org/A5056769433,8
https://openalex.org/A5053907266,https://openalex.org/A5060742385,5
https://openalex.org/A5053907266,https://openalex.org/A5063428555,5
https://openalex.org/A5053907266,https://openalex.org/A5067322923,2
https://openalex.org/A5053907266,https://openalex.org/A5069155026,4
https://openalex.org/A5053907266,https://openalex.org/A5073119516,2
https://openalex.org/A5053907266,https://openalex.org/A5074812636,1
https://openalex.org/A5053907266,https://openalex.org/A5077133055,1
https://openalex.org/A5053907266,https://openalex.org/A5084651023,3
https://openalex.org/A5053907266,https://openalex.org/A5087408767,1
https://openalex.org/A5053907266,https://openalex.org/A5099341190,1
https://openalex.org/A5053907266,https://openalex.org/A5107766047,1
https://openalex.org/A5053907266,https://openalex.org/A5107766048,1
https://openalex.org/A5053907266,https://openalex.org/A5107767296,1
https://openalex.org/A5053907266,https://openalex.org/A5107767297,1
https://openalex.org/A5053907266,https://openalex.org/A5111354234,1
https://openalex.org/A5053907266,https://openalex.org/A5113419379,1
https://openalex.org/A5054032260,https://openalex.org/A5055214595,1
https://openalex.org/A5054032260,https://openalex.org/A5061425977,1
https://openalex.org/A5054032260,https://openalex.org/A5063530204,1
https://openalex.org/A5054032260,https://openalex.org/A5063779850,1
https://openalex.org/A5054032260,https://openalex.org/A5064039069,3
https://openalex.org/A5054032260,https://openalex.org/A5068985681,1
https://openalex.org/A5054032260,https://openalex.org/A5069808535,2
https://openalex.org/A5054032260,https://openalex.org/A5075285158,1
https://openalex.org/A5054032260,https://openalex.org/A5080741414,1
https://openalex.org/A5054032260,https://openalex.org/A5084548967,1
https://openalex.org/A5054032260,https://openalex.org/A5090234742,1
https://openalex.org/A5054250368,https://openalex.org/A5076145302,1
https://openalex.org/A5054250368,https://openalex.org/A5077820094,1
https://openalex.org/A5054250368,https://openalex.org/A5089051533,2
https://openalex.org/A5054450678,https://openalex.org/A5108635425,1
https://openalex.org/A5054606549,https://openalex.org/A5056438751,1
https://openalex.org/A5054702262,https://openalex.org/A5054822594,2
https://openalex.org/A5054702262,https://openalex.org/A5094043014,1
https://openalex.org/A5054702262,https://openalex.org/A5094043015,1
https://openalex.org/A5054702262,https://openalex.org/A5108250975,1
https://openalex.org/A5054702262,https://openalex.org/A5109040447,1
https://openalex.org/A5054702262,https://openalex.org/A5110910646,1
https://openalex.org/A5054702262,https://openalex.org/A5115629014,2
https://openalex.org/A5054702262,https://openalex.org/A5115629015,1
https://openalex.org/A5054702262,https://openalex.org/A5120520825,1
https://openalex.org/A5054822594,https://openalex.org/A5094043014,2
https://openalex.org/A5054822594,https://openalex.org/A5094043015,2
https://openalex.org/A5054822594,https://openalex.org/A5108250975,1
https://openalex.org/A5054822594,https://openalex.org/A5109040447,1
https://openalex.org/A5054822594,https://openalex.org/A5110910646,1
https://openalex.org/A5054822594,https://openalex.org/A5115629014,2
https://openalex.org/A5054822594,https://openalex.org/A5115629015,1
https://openalex.org/A5054822594,https://openalex.org/A5120520825,1
https://openalex.org/A5055000509,https://openalex.org/A5073732820,1
https://openalex.org/A5055000509,https://openalex.org/A5085470712,1
https://openalex.org/A5055000509,https://openalex.org/A5085890935,1
https://openalex.org/A5055000509,https://openalex.org/A5091173949,1
https://openalex.org/A5055048334,https://openalex.org/A5073119516,3
https://openalex.org/A5055139346,https://openalex.org/A5066533684,2
https://openalex.org/A5055160117,https://openalex.org/A5061801321,1
https://openalex.org/A5055160117,https://openalex.org/A5066379259,1
https://openalex.org/A5055160117,https://openalex.org/A5077774191,1
https://openalex.org/A5055160117,https://openalex.org/A5111007676,1
https://openalex.org/A5055160117,https://openalex.org/A5112776766,1
https://openalex.org/A5055160117,https://openalex.org/A5112958220,1
https://openalex.org/A5055167539,https://openalex.org/A5075398663,1
https://openalex.org/A5055167539,https://openalex.org/A5086892987,1
https://openalex.org/A5055228629,https://openalex.org/A5108635425,1
https://openalex.org/A5055325995,https://openalex.org/A5085900200,2
https://openalex.org/A5055325995,https://openalex.org/A5088444369,2
https://openalex.org/A5055325995,https://openalex.org/A5090947512,2
https://openalex.org/A5055346556,https://openalex.org/A5063801367,3
https://openalex.org/A5055346556,https://openalex.org/A5110768672,3
https://openalex.org/A5055359268,https://openalex.org/A5082017034,1
https://openalex.org/A5055380708,https://openalex.org/A5065532300,1
https://openalex.org/A5055461569,https://openalex.org/A5055791115,1
https://openalex.org/A5055461569,https://openalex.org/A5075177776,1
https://openalex.org/A5055461569,https://openalex.org/A5079730494,1
https://openalex.org/A5055474365,https://openalex.org/A5076319738,2
https://openalex.org/A5055669936,https://openalex.org/A5056769433,1
https://openalex.org/A5055763021,https://openalex.org/A5060565977,1
https://openalex.org/A5055763021,https://openalex.org/A5101773482,1
https://openalex.org/A5055791115,https://openalex.org/A5075177776,1
https://openalex.org/A5055791115,https://openalex.org/A5079730494,1
https://openalex.org/A5055850531,https://openalex.org/A5056153065,1
https://openalex.org/A5055850531,https://openalex.org/A5058489194,4
https://openalex.org/A5055850531,https://openalex.org/A5058593153,2
https://openalex.org/A5055850531,https://openalex.org/A5058801148,1
https://openalex.org/A5055850531,https://openalex.org/A5059521464,1
https://openalex.org/A5055850531,https://openalex.org/A5070575575,1
https://openalex.org/A5055850531,https://openalex.org/A5072563897,3
https://openalex.org/A5055850531,https://openalex.org/A5077706738,1
https://openalex.org/A5055850531,https://openalex.org/A5082316396,1
https://openalex.org/A5055850531,https://openalex.org/A5086662428,1
https://openalex.org/A5055850531,https://openalex.org/A5086881192,2
https://openalex.org/A5055850531,https://openalex.org/A5111673029,2
https://openalex.org/A5055889402,https://openalex.org/A5056823105,1
https://openalex.org/A5055892702,https://openalex.org/A5086425290,1
https://openalex.org/A5056421944,https://openalex.org/A5057850218,1
https://openalex.org/A5056421944,https://openalex.org/A5063532717,1
https://openalex.org/A5056421944,https://openalex.org/A5081085917,1
https://openalex.org/A5056421944,https://openalex.org/A5090120647,1
https://openalex.org/A5056421944,https://openalex.org/A5094699286,1
https://openalex.org/A5056421944,https://openalex.org/A5094699287,1
https://openalex.org/A5056421944,https://openalex.org/A5094699288,1
https://openalex.org/A5056421944,https://openalex.org/A5094699289,1
https://openalex.org/A5056421944,https://openalex.org/A5094699290,1
https://openalex.org/A5056421944,https://openalex.org/A5101150856,1
https://openalex.org/A5056421944,https://openalex.org/A5105529436,1
https://openalex.org/A5056421944,https://openalex.org/A5112308917,1
https://openalex.org/A5056438751,https://openalex.org/A5083695543,1
https://openalex.org/A5056483757,https://openalex.org/A5066097337,1
https://openalex.org/A5056483757,https://openalex.org/A5085453319,1
https://openalex.org/A5056507350,https://openalex.org/A5059565229,1
https://openalex.org/A5056645600,https://openalex.org/A5088383693,1
https://openalex.org/A5056660765,https://openalex.org/A5058765335,1
https://openalex.org/A5056660765,https://openalex.org/A5086892987,1
https://openalex.org/A5056660765,https://openalex.org/A5112337293,1
https://openalex.org/A5056660765,https://openalex.org/A5113601000,1
https://openalex.org/A5056662160,https://openalex.org/A5065292134,2
https://openalex.org/A5056662160,https://openalex.org/A5067428017,2
https://openalex.org/A5056662160,https://openalex.org/A5070727947,1
https://openalex.org/A5056662160,https://openalex.org/A5082732820,1
https://openalex.org/A5056662160,https://openalex.org/A5084948929,1
https://openalex.org/A5056662160,https://openalex.org/A5087525753,4
https://openalex.org/A5056662160,https://openalex.org/A5088932648,1
https://openalex.org/A5056662160,https://openalex.org/A5091193840,1
https://openalex.org/A5056662160,https://openalex.org/A5105668717,4
https://openalex.org/A5056662160,https://openalex.org/A5116844534,1
https://openalex.org/A5056662160,https://openalex.org/A5116844535,1
https://openalex.org/A5056662160,https://openalex.org/A5116844536,1
https://openalex.org/A5056662160,https://openalex.org/A5116844537,1
https://openalex.org/A5056662160,https://openalex.org/A5116844538,1
https://openalex.org/A5056662160,https://openalex.org/A5116844539,1
https://openalex.org/A5056662160,https://openalex.org/A5119433234,1
https://openalex.org/A5056732992,https://openalex.org/A5110351952,1
https://openalex.org/A5056769433,https://openalex.org/A5058687070,1
https://openalex.org/A5056769433,https://openalex.org/A5058765335,1
https://openalex.org/A5056769433,https://openalex.org/A5060742385,5
https://openalex.org/A5056769433,https://openalex.org/A5061146101,2
https://openalex.org/A5056769433,https://openalex.org/A5062155134,1
https://openalex.org/A5056769433,https://openalex.org/A5062361482,3
https://openalex.org/A5056769433,https://openalex.org/A5063428555,2
https://openalex.org/A5056769433,https://openalex.org/A5063779850,1
https://openalex.org/A5056769433,https://openalex.org/A5064101767,3
https://openalex.org/A5056769433,https://openalex.org/A5064505782,2
https://openalex.org/A5056769433,https://openalex.org/A5067322923,5
https://openalex.org/A5056769433,https://openalex.org/A5069596316,1
https://openalex.org/A5056769433,https://openalex.org/A5069879930,1
https://openalex.org/A5056769433,https://openalex.org/A5074750715,1
https://openalex.org/A5056769433,https://openalex.org/A5074812636,1
https://openalex.org/A5056769433,https://openalex.org/A5075234713,1
https://openalex.org/A5056769433,https://openalex.org/A5077133055,2
https://openalex.org/A5056769433,https://openalex.org/A5078245654,1
https://openalex.org/A5056769433,https://openalex.org/A5079766432,2
https://openalex.org/A5056769433,https://openalex.org/A5079884758,1
https://openalex.org/A5056769433,https://openalex.org/A5082294586,5
https://openalex.org/A5056769433,https://openalex.org/A5083084172,3
https://openalex.org/A5056769433,https://openalex.org/A5084032458,2
https://openalex.org/A5056769433,https://openalex.org/A5084651023,3
https://openalex.org/A5056769433,https://openalex.org/A5085453319,1
https://openalex.org/A5056769433,https://openalex.org/A5086630717,1
https://openalex.org/A5056769433,https://openalex.org/A5087539048,3
https://openalex.org/A5056769433,https://openalex.org/A5087941429,1
https://openalex.org/A5056769433,https://openalex.org/A5088083016,1
https://openalex.org/A5056769433,https://openalex.org/A5089441459,1
https://openalex.org/A5056769433,https://openalex.org/A5092585408,1
https://openalex.org/A5056769433,https://openalex.org/A5092932421,2
https://openalex.org/A5056769433,https://openalex.org/A5092932422,1
https://openalex.org/A5056769433,https://openalex.org/A5093117378,1
https://openalex.org/A5056769433,https://openalex.org/A5099295752,2
https://openalex.org/A5056769433,https://openalex.org/A5101773482,1
https://openalex.org/A5056769433,https://openalex.org/A5102085388,1
https://openalex.org/A5056769433,https://openalex.org/A5107039985,1
https://openalex.org/A5056769433,https://openalex.org/A5107039986,1
https://openalex.org/A5056769433,https://openalex.org/A5108115052,1
https://openalex.org/A5056769433,https://openalex.org/A5111318020,1
https://openalex.org/A5056769433,https://openalex.org/A5112303674,2
https://openalex.org/A5056769433,https://openalex.org/A5112337293,1
https://openalex.org/A5056769433,https://openalex.org/A5112936278,1
https://openalex.org/A5056769433,https://openalex.org/A5113700774,1
https://openalex.org/A5056769433,https://openalex.org/A5113901979,1
https://openalex.org/A5056769433,https://openalex.org/A5114295075,1
https://openalex.org/A5056769433,https://openalex.org/A5116005448,1
https://openalex.org/A5056769433,https://openalex.org/A5119272468,1
https://openalex.org/A5056811592,https://openalex.org/A5086606169,1
https://openalex.org/A5057019646,https://openalex.org/A5066533684,1
https://openalex.org/A5057019646,https://openalex.org/A5073278092,2
https://openalex.org/A5057019646,https://openalex.org/A5086842644,2
https://openalex.org/A5057019646,https://openalex.org/A5101773484,1
https://openalex.org/A5057045243,https://openalex.org/A5067754920,2
https://openalex.org/A5057045243,https://openalex.org/A5092183527,1
https://openalex.org/A5057089293,https://openalex.org/A5057804082,1
https://openalex.org/A5057089293,https://openalex.org/A5059411142,1
https://openalex.org/A5057089293,https://openalex.org/A5071964071,4
https://openalex.org/A5057147032,https://openalex.org/A5060530451,1
https://openalex.org/A5057147032,https://openalex.org/A5060762635,1
https://openalex.org/A5057147032,https://openalex.org/A5101773482,1
https://openalex.org/A5057361102,https://openalex.org/A5062890780,1
https://openalex.org/A5057361102,https://openalex.org/A5063649884,1
https://openalex.org/A5057361102,https://openalex.org/A5069697591,1
https://openalex.org/A5057361102,https://openalex.org/A5087186493,1
https://openalex.org/A5057361102,https://openalex.org/A5109283962,1
https://openalex.org/A5057515686,https://openalex.org/A5114164714,2
https://openalex.org/A5057811987,https://openalex.org/A5058134338,1
https://openalex.org/A5057811987,https://openalex.org/A5060410843,1
https://openalex.org/A5057811987,https://openalex.org/A5108400765,1
https://openalex.org/A5057850218,https://openalex.org/A5063532717,1
https://openalex.org/A5057850218,https://openalex.org/A5081085917,1
https://openalex.org/A5057850218,https://openalex.org/A5090120647,1
https://openalex.org/A5057850218,https://openalex.org/A5094699286,1
https://openalex.org/A5057850218,https://openalex.org/A5094699287,1
https://openalex.org/A5057850218,https://openalex.org/A5094699288,1
https://openalex.org/A5057850218,https://openalex.org/A5094699289,1
https://openalex.org/A5057850218,https://openalex.org/A5094699290,1
https://openalex.org/A5057850218,https://openalex.org/A5101150856,1
https://openalex.org/A5057850218,https://openalex.org/A5105529436,1
https://openalex.org/A5057850218,https://openalex.org/A5112308917,1
https://openalex.org/A5057996148,https://openalex.org/A5063428555,2
https://openalex.org/A5057996148,https://openalex.org/A5063783856,1
https://openalex.org/A5057996148,https://openalex.org/A5104311704,1
https://openalex.org/A5057996148,https://openalex.org/A5108115052,2
https://openalex.org/A5058134338,https://openalex.org/A5060410843,1
https://openalex.org/A5058134338,https://openalex.org/A5061092883,1
https://openalex.org/A5058134338,https://openalex.org/A5108400765,2
https://openalex.org/A5058489194,https://openalex.org/A5058593153,2
https://openalex.org/A5058489194,https://openalex.org/A5070575575,1
https://openalex.org/A5058489194,https://openalex.org/A5082316396,1
https://openalex.org/A5058765335,https://openalex.org/A5061146101,1
https://openalex.org/A5058765335,https://openalex.org/A5063779850,1
https://openalex.org/A5058765335,https://openalex.org/A5067322923,1
https://openalex.org/A5058765335,https://openalex.org/A5067938836,1
https://openalex.org/A5058765335,https://openalex.org/A5069596316,1
https://openalex.org/A5058765335,https://openalex.org/A5075398663,1
https://openalex.org/A5058765335,https://openalex.org/A5079884758,1
https://openalex.org/A5058765335,https://openalex.org/A5083888741,1
https://openalex.org/A5058765335,https://openalex.org/A5086892987,1
https://openalex.org/A5058765335,https://openalex.org/A5091223256,1
https://openalex.org/A5058765335,https://openalex.org/A5091499934,1
https://openalex.org/A5058765335,https://openalex.org/A5092585408,1
https://openalex.org/A5058765335,https://openalex.org/A5101773482,1
https://openalex.org/A5058765335,https://openalex.org/A5103313431,1
https://openalex.org/A5058765335,https://openalex.org/A5104348329,1
https://openalex.org/A5058765335,https://openalex.org/A5108261966,3
https://openalex.org/A5058765335,https://openalex.org/A5112337293,4
https://openalex.org/A5058765335,https://openalex.org/A5113601000,1
https://openalex.org/A5058765335,https://openalex.org/A5117823592,1
https://openalex.org/A5058765335,https://openalex.org/A5117823593,1
https://openalex.org/A5058795293,https://openalex.org/A5065801009,1
https://openalex.org/A5058795293,https://openalex.org/A5073997156,1
https://openalex.org/A5058913928,https://openalex.org/A5062720158,1
https://openalex.org/A5058974994,https://openalex.org/A5071400383,1
https://openalex.org/A5059069142,https://openalex.org/A5068705982,1
https://openalex.org/A5059223174,https://openalex.org/A5063801367,10
https://openalex.org/A5059223174,https://openalex.org/A5078934409,3
https://openalex.org/A5059223174,https://openalex.org/A5103437696,1
https://openalex.org/A5059223174,https://openalex.org/A5109752187,3
https://openalex.org/A5059223174,https://openalex.org/A5110768672,3
https://openalex.org/A5059328921,https://openalex.org/A5088932648,1
https://openalex.org/A5059328921,https://openalex.org/A5103274966,1
https://openalex.org/A5059328921,https://openalex.org/A5103593452,1
https://openalex.org/A5059411142,https://openalex.org/A5075330511,1
https://openalex.org/A5059488675,https://openalex.org/A5077021294,1
https://openalex.org/A5059535139,https://openalex.org/A5063428555,1
https://openalex.org/A5059535139,https://openalex.org/A5073869040,1
https://openalex.org/A5059535139,https://openalex.org/A5114164714,1
https://openalex.org/A5059887002,https://openalex.org/A5076298533,2
https://openalex.org/A5059887002,https://openalex.org/A5078865475,2
https://openalex.org/A5059918459,https://openalex.org/A5107478127,18
https://openalex.org/A5060100831,https://openalex.org/A5067428017,1
https://openalex.org/A5060256927,https://openalex.org/A5069554606,1
https://openalex.org/A5060360941,https://openalex.org/A5063591525,1
https://openalex.org/A5060410843,https://openalex.org/A5108400765,1
https://openalex.org/A5060414598,https://openalex.org/A5084811031,1
https://openalex.org/A5060530451,https://openalex.org/A5060762635,1
https://openalex.org/A5060530451,https://openalex.org/A5090947512,1
https://openalex.org/A5060530451,https://openalex.org/A5101773482,2
https://openalex.org/A5060565977,https://openalex.org/A5101773482,1
https://openalex.org/A5060587265,https://openalex.org/A5065754808,1
https://openalex.org/A5060720077,https://openalex.org/A5071844390,2
https://openalex.org/A5060720077,https://openalex.org/A5076319738,1
https://openalex.org/A5060762635,https://openalex.org/A5101773482,1
https://openalex.org/A5060851847,https://openalex.org/A5078934409,1
https://openalex.org/A5060969779,https://openalex.org/A5066839118,1
https://openalex.org/A5060969779,https://openalex.org/A5101773482,2
https://openalex.org/A5061014073,https://openalex.org/A5068832531,5
https://openalex.org/A5061014073,https://openalex.org/A5076730877,4
https://openalex.org/A5061014073,https://openalex.org/A5093559383,2
https://openalex.org/A5061014073,https://openalex.org/A5093559384,1
https://openalex.org/A5061014073,https://openalex.org/A5093559385,1
https://openalex.org/A5061014073,https://openalex.org/A5111098718,1
https://openalex.org/A5061014073,https://openalex.org/A5111632799,1
https://openalex.org/A5061014073,https://openalex.org/A5115779817,1
https://openalex.org/A5061014073,https://openalex.org/A5115779818,1
https://openalex.org/A5061014073,https://openalex.org/A5115779819,1
https://openalex.org/A5061092883,https://openalex.org/A5108400765,1
https://openalex.org/A5061146101,https://openalex.org/A5063779850,2
https://openalex.org/A5061146101,https://openalex.org/A5065327718,1
https://openalex.org/A5061146101,https://openalex.org/A5067322923,1
https://openalex.org/A5061146101,https://openalex.org/A5067428017,1
https://openalex.org/A5061146101,https://openalex.org/A5069596316,1
https://openalex.org/A5061146101,https://openalex.org/A5078245654,6
https://openalex.org/A5061146101,https://openalex.org/A5079884758,1
https://openalex.org/A5061146101,https://openalex.org/A5086630717,4
https://openalex.org/A5061146101,https://openalex.org/A5092585408,1
https://openalex.org/A5061146101,https://openalex.org/A5093483613,1
https://openalex.org/A5061146101,https://openalex.org/A5093483614,1
https://openalex.org/A5061146101,https://openalex.org/A5101773482,4
https://openalex.org/A5061146101,https://openalex.org/A5102591730,1
https://openalex.org/A5061193603,https://openalex.org/A5110065640,2
https://openalex.org/A5061216634,https://openalex.org/A5065724004,2
https://openalex.org/A5061216634,https://openalex.org/A5071684543,1
https://openalex.org/A5061374255,https://openalex.org/A5063428555,3
https://openalex.org/A5061374255,https://openalex.org/A5092029850,3
https://openalex.org/A5061374255,https://openalex.org/A5113445602,3
https://openalex.org/A5061374255,https://openalex.org/A5119453590,1
https://openalex.org/A5061374255,https://openalex.org/A5119453591,1
https://openalex.org/A5061425977,https://openalex.org/A5068985681,1
https://openalex.org/A5061425977,https://openalex.org/A5075285158,1
https://openalex.org/A5061425977,https://openalex.org/A5090234742,1
https://openalex.org/A5061450682,https://openalex.org/A5084166427,1
https://openalex.org/A5061452927,https://openalex.org/A5067938836,1
https://openalex.org/A5061452927,https://openalex.org/A5108261966,1
https://openalex.org/A5061452927,https://openalex.org/A5112337293,1
https://openalex.org/A5061658712,https://openalex.org/A5085461623,9
https://openalex.org/A5061801321,https://openalex.org/A5066379259,1
https://openalex.org/A5061801321,https://openalex.org/A5077774191,1
https://openalex.org/A5061801321,https://openalex.org/A5111007676,1
https://openalex.org/A5061801321,https://openalex.org/A5112776766,1
https://openalex.org/A5061801321,https://openalex.org/A5112958220,1
https://openalex.org/A5061905338,https://openalex.org/A5071861994,1
https://openalex.org/A5061905338,https://openalex.org/A5075398663,1
https://openalex.org/A5061905338,https://openalex.org/A5112337293,1
https://openalex.org/A5061950480,https://openalex.org/A5068046467,1
https://openalex.org/A5062107276,https://openalex.org/A5075501691,1
https://openalex.org/A5062107276,https://openalex.org/A5108261966,1
https://openalex.org/A5062107276,https://openalex.org/A5112337293,1
https://openalex.org/A5062184048,https://openalex.org/A5062720158,1
https://openalex.org/A5062184048,https://openalex.org/A5072483663,2
https://openalex.org/A5062184048,https://openalex.org/A5087415650,3
https://openalex.org/A5062317300,https://openalex.org/A5068134730,1
https://openalex.org/A5062317300,https://openalex.org/A5081489498,1
https://openalex.org/A5062317300,https://openalex.org/A5112337293,2
https://openalex.org/A5062361482,https://openalex.org/A5067322923,1
https://openalex.org/A5062361482,https://openalex.org/A5113700774,1
https://openalex.org/A5062496475,https://openalex.org/A5071245244,1
https://openalex.org/A5062496475,https://openalex.org/A5089694443,1
https://openalex.org/A5062496475,https://openalex.org/A5103593452,1
https://openalex.org/A5062890780,https://openalex.org/A5063649884,1
https://openalex.org/A5062890780,https://openalex.org/A5069697591,1
https://openalex.org/A5062890780,https://openalex.org/A5087186493,1
https://openalex.org/A5062890780,https://openalex.org/A5109283962,1
https://openalex.org/A5062904472,https://openalex.org/A5086606169,2
https://openalex.org/A5063052361,https://openalex.org/A5069807525,2
https://openalex.org/A5063057843,https://openalex.org/A5066088297,2
https://openalex.org/A5063057843,https://openalex.org/A5085440736,2
https://openalex.org/A5063084403,https://openalex.org/A5065801009,1
https://openalex.org/A5063084403,https://openalex.org/A5090429339,1
https://openalex.org/A5063197693,https://openalex.org/A5066973790,1
https://openalex.org/A5063197693,https://openalex.org/A5105853754,1
https://openalex.org/A5063312773,https://openalex.org/A5079191166,2
https://openalex.org/A5063428555,https://openalex.org/A5063445459,1
https://openalex.org/A5063428555,https://openalex.org/A5063783856,1
https://openalex.org/A5063428555,https://openalex.org/A5066979215,4
https://openalex.org/A5063428555,https://openalex.org/A5073869040,4
https://openalex.org/A5063428555,https://openalex.org/A5081107152,2
https://openalex.org/A5063428555,https://openalex.org/A5082802255,1
https://openalex.org/A5063428555,https://openalex.org/A5084651023,1
https://openalex.org/A5063428555,https://openalex.org/A5087795816,1
https://openalex.org/A5063428555,https://openalex.org/A5088310335,1
https://openalex.org/A5063428555,https://openalex.org/A5088583930,1
https://openalex.org/A5063428555,https://openalex.org/A5091209287,1
https://openalex.org/A5063428555,https://openalex.org/A5092029850,5
https://openalex.org/A5063428555,https://openalex.org/A5104311704,2
https://openalex.org/A5063428555,https://openalex.org/A5108115052,4
https://openalex.org/A5063428555,https://openalex.org/A5112303674,1
https://openalex.org/A5063428555,https://openalex.org/A5113445602,4
https://openalex.org/A5063428555,https://openalex.org/A5114164714,4
https://openalex.org/A5063428555,https://openalex.org/A5119453590,1
https://openalex.org/A5063428555,https://openalex.org/A5119453591,2
https://openalex.org/A5063428555,https://openalex.org/A5122939618,1
https://openalex.org/A5063428555,https://openalex.org/A5122948415,1
https://openalex.org/A5063428555,https://openalex.org/A5122963499,1
https://openalex.org/A5063530204,https://openalex.org/A5080741414,1
https://openalex.org/A5063532717,https://openalex.org/A5081085917,1
https://openalex.org/A5063532717,https://openalex.org/A5090120647,1
https://openalex.org/A5063532717,https://openalex.org/A5094699286,1
https://openalex.org/A5063532717,https://openalex.org/A5094699287,1
https://openalex.org/A5063532717,https://openalex.org/A5094699288,1
https://openalex.org/A5063532717,https://openalex.org/A5094699289,1
https://openalex.org/A5063532717,https://openalex.org/A5094699290,1
https://openalex.org/A5063532717,https://openalex.org/A5101150856,1
https://openalex.org/A5063532717,https://openalex.org/A5105529436,1
https://openalex.org/A5063532717,https://openalex.org/A5112308917,1
https://openalex.org/A5063615891,https://openalex.org/A5075508620,2
https://openalex.org/A5063649884,https://openalex.org/A5069697591,1
https://openalex.org/A5063649884,https://openalex.org/A5087186493,1
https://openalex.org/A5063649884,https://openalex.org/A5109283962,1
https://openalex.org/A5063777433,https://openalex.org/A5112178957,1
https://openalex.org/A5063777433,https://openalex.org/A5113552101,1
https://openalex.org/A5063779850,https://openalex.org/A5067322923,1
https://openalex.org/A5063779850,https://openalex.org/A5069596316,1
https://openalex.org/A5063779850,https://openalex.org/A5069808535,1
https://openalex.org/A5063779850,https://openalex.org/A5079884758,4
https://openalex.org/A5063779850,https://openalex.org/A5086630717,1
https://openalex.org/A5063779850,https://openalex.org/A5092585408,1
https://openalex.org/A5063779850,https://openalex.org/A5101773482,1
https://openalex.org/A5063783856,https://openalex.org/A5108115052,1
https://openalex.org/A5063801367,https://openalex.org/A5072446879,2
https://openalex.org/A5063801367,https://openalex.org/A5077359085,3
https://openalex.org/A5063801367,https://openalex.org/A5078934409,2
https://openalex.org/A5063801367,https://openalex.org/A5103437696,2
https://openalex.org/A5063801367,https://openalex.org/A5109752187,3
https://openalex.org/A5063801367,https://openalex.org/A5110768672,14
https://openalex.org/A5063898582,https://openalex.org/A5076264286,1
https://openalex.org/A5064101767,https://openalex.org/A5064505782,1
https://openalex.org/A5064101767,https://openalex.org/A5067735271,1
https://openalex.org/A5064101767,https://openalex.org/A5079766432,2
https://openalex.org/A5064101767,https://openalex.org/A5083084172,1
https://openalex.org/A5064101767,https://openalex.org/A5084032458,2
https://openalex.org/A5064101767,https://openalex.org/A5099295752,1
https://openalex.org/A5064101767,https://openalex.org/A5107039985,1
https://openalex.org/A5064101767,https://openalex.org/A5107039986,1
https://openalex.org/A5064101767,https://openalex.org/A5111318020,1
https://openalex.org/A5064101767,https://openalex.org/A5116005448,1
https://openalex.org/A5064154787,https://openalex.org/A5095746742,1
https://openalex.org/A5064154787,https://openalex.org/A5101338431,1
https://openalex.org/A5064154787,https://openalex.org/A5102650369,1
https://openalex.org/A5064154787,https://openalex.org/A5104282696,1
https://openalex.org/A5064177508,https://openalex.org/A5065156917,2
https://openalex.org/A5064505782,https://openalex.org/A5082294586,1
https://openalex.org/A5064505782,https://openalex.org/A5084032458,1
https://openalex.org/A5064505782,https://openalex.org/A5107039985,1
https://openalex.org/A5064505782,https://openalex.org/A5107039986,1
https://openalex.org/A5064505782,https://openalex.org/A5111318020,1
https://openalex.org/A5064510149,https://openalex.org/A5066973790,1
https://openalex.org/A5064699086,https://openalex.org/A5114035818,1
https://openalex.org/A5064764134,https://openalex.org/A5066804143,1
https://openalex.org/A5064764134,https://openalex.org/A5068985681,1
https://openalex.org/A5064764134,https://openalex.org/A5089379905,1
https://openalex.org/A5064764134,https://openalex.org/A5102227062,1
https://openalex.org/A5064957411,https://openalex.org/A5075696455,1
https://openalex.org/A5065133462,https://openalex.org/A5067152947,1
https://openalex.org/A5065133462,https://openalex.org/A5110351336,1
https://openalex.org/A5065214778,https://openalex.org/A5071472411,1
https://openalex.org/A5065223965,https://openalex.org/A5071035630,1
https://openalex.org/A5065223965,https://openalex.org/A5071406761,1
https://openalex.org/A5065223965,https://openalex.org/A5072751038,1
https://openalex.org/A5065327718,https://openalex.org/A5078245654,1
https://openalex.org/A5065521862,https://openalex.org/A5067428017,3
https://openalex.org/A5065521862,https://openalex.org/A5074750395,3
https://openalex.org/A5065608207,https://openalex.org/A5069151984,1
https://openalex.org/A5065608207,https://openalex.org/A5085453319,1
https://openalex.org/A5065684965,https://openalex.org/A5090972229,1
https://openalex.org/A5065724004,https://openalex.org/A5071684543,3
https://openalex.org/A5065724004,https://openalex.org/A5073774542,1
https://openalex.org/A5065724004,https://openalex.org/A5075261188,1
https://openalex.org/A5065724004,https://openalex.org/A5082855672,1
https://openalex.org/A5065724004,https://openalex.org/A5103585232,1
https://openalex.org/A5065801009,https://openalex.org/A5070365937,1
https://openalex.org/A5065801009,https://openalex.org/A5073997156,1
https://openalex.org/A5065801009,https://openalex.org/A5076018405,1
https://openalex.org/A5065801009,https://openalex.org/A5079191166,3
https://openalex.org/A5065801009,https://openalex.org/A5090429339,2
https://openalex.org/A5065801009,https://openalex.org/A5091527360,1
https://openalex.org/A5065801009,https://openalex.org/A5097511049,1
https://openalex.org/A5066060108,https://openalex.org/A5089632338,1
https://openalex.org/A5066088297,https://openalex.org/A5085440736,2
https://openalex.org/A5066097337,https://openalex.org/A5085453319,1
https://openalex.org/A5066240331,https://openalex.org/A5108796100,1
https://openalex.org/A5066379259,https://openalex.org/A5077774191,1
https://openalex.org/A5066379259,https://openalex.org/A5111007676,1
https://openalex.org/A5066379259,https://openalex.org/A5112776766,1
https://openalex.org/A5066379259,https://openalex.org/A5112958220,1
https://openalex.org/A5066388574,https://openalex.org/A5092001855,1
https://openalex.org/A5066388574,https://openalex.org/A5092001856,1
https://openalex.org/A5066533684,https://openalex.org/A5066839118,1
https://openalex.org/A5066533684,https://openalex.org/A5069533703,2
https://openalex.org/A5066533684,https://openalex.org/A5072924813,2
https://openalex.org/A5066533684,https://openalex.org/A5076597021,2
https://openalex.org/A5066533684,https://openalex.org/A5079958904,1
https://openalex.org/A5066533684,https://openalex.org/A5087069760,2
https://openalex.org/A5066533684,https://openalex.org/A5089798637,8
https://openalex.org/A5066533684,https://openalex.org/A5097327795,2
https://openalex.org/A5066533684,https://openalex.org/A5101773482,1
https://openalex.org/A5066533684,https://openalex.org/A5101773484,1
https://openalex.org/A5066533684,https://openalex.org/A5103361511,2
https://openalex.org/A5066533684,https://openalex.org/A5109189936,2
https://openalex.org/A5066533684,https://openalex.org/A5111492090,1
https://openalex.org/A5066533684,https://openalex.org/A5112652258,2
https://openalex.org/A5066533684,https://openalex.org/A5116582244,2
https://openalex.org/A5066533684,https://openalex.org/A5119061438,2
https://openalex.org/A5066533684,https://openalex.org/A5119061439,2
https://openalex.org/A5066533684,https://openalex.org/A5119061440,2
https://openalex.org/A5066533684,https://openalex.org/A5119061441,2
https://openalex.org/A5066533684,https://openalex.org/A5119061442,2
https://openalex.org/A5066533684,https://openalex.org/A5119061443,2
https://openalex.org/A5066606984,https://openalex.org/A5090947512,1
https://openalex.org/A5066669046,https://openalex.org/A5083237308,1
https://openalex.org/A5066669046,https://openalex.org/A5108400765,1
https://openalex.org/A5066785193,https://openalex.org/A5069134000,1
https://openalex.org/A5066785193,https://openalex.org/A5089092914,1
https://openalex.org/A5066804143,https://openalex.org/A5102227062,1
https://openalex.org/A5066839118,https://openalex.org/A5093029401,1
https://openalex.org/A5066839118,https://openalex.org/A5101773482,1
https://openalex.org/A5066973790,https://openalex.org/A5089051533,2
https://openalex.org/A5066973790,https://openalex.org/A5105853754,1
https://openalex.org/A5066979215,https://openalex.org/A5081107152,1
https://openalex.org/A5066979215,https://openalex.org/A5090511086,1
https://openalex.org/A5067079036,https://openalex.org/A5108400765,1
https://openalex.org/A5067100015,https://openalex.org/A5086606169,1
https://openalex.org/A5067152947,https://openalex.org/A5110351336,1
https://openalex.org/A5067240326,https://openalex.org/A5067428017,1
https://openalex.org/A5067257817,https://openalex.org/A5069669418,1
https://openalex.org/A5067322923,https://openalex.org/A5069596316,1
https://openalex.org/A5067322923,https://openalex.org/A5079884758,1
https://openalex.org/A5067322923,https://openalex.org/A5084651023,2
https://openalex.org/A5067322923,https://openalex.org/A5092585408,1
https://openalex.org/A5067322923,https://openalex.org/A5101773482,1
https://openalex.org/A5067322923,https://openalex.org/A5112936278,1
https://openalex.org/A5067322923,https://openalex.org/A5113700774,1
https://openalex.org/A5067428017,https://openalex.org/A5074750395,5
https://openalex.org/A5067428017,https://openalex.org/A5092592543,1
https://openalex.org/A5067754920,https://openalex.org/A5092183527,1
https://openalex.org/A5067759878,https://openalex.org/A5077245301,1
https://openalex.org/A5067759878,https://openalex.org/A5081104338,3
https://openalex.org/A5067759878,https://openalex.org/A5088666995,2
https://openalex.org/A5067759878,https://openalex.org/A5104453572,4
https://openalex.org/A5067759878,https://openalex.org/A5107576550,2
https://openalex.org/A5067759878,https://openalex.org/A5119270908,1
https://openalex.org/A5067938836,https://openalex.org/A5075398663,1
https://openalex.org/A5067938836,https://openalex.org/A5091223256,1
https://openalex.org/A5067938836,https://openalex.org/A5108261966,1
https://openalex.org/A5067938836,https://openalex.org/A5112337293,2
https://openalex.org/A5067938836,https://openalex.org/A5117823592,1
https://openalex.org/A5067938836,https://openalex.org/A5117823593,1
https://openalex.org/A5068134730,https://openalex.org/A5112337293,1
https://openalex.org/A5068581381,https://openalex.org/A5111080870,5
https://openalex.org/A5068596520,https://openalex.org/A5090947512,1
https://openalex.org/A5068985681,https://openalex.org/A5075285158,1
https://openalex.org/A5068985681,https://openalex.org/A5089379905,1
https://openalex.org/A5068985681,https://openalex.org/A5090234742,1
https://openalex.org/A5069134000,https://openalex.org/A5089092914,1
https://openalex.org/A5069151984,https://openalex.org/A5085453319,2
https://openalex.org/A5069155026,https://openalex.org/A5073119516,2
https://openalex.org/A5069155026,https://openalex.org/A5087408767,1
https://openalex.org/A5069155026,https://openalex.org/A5107766047,1
https://openalex.org/A5069155026,https://openalex.org/A5107766048,1
https://openalex.org/A5069155026,https://openalex.org/A5107767296,1
https://openalex.org/A5069155026,https://openalex.org/A5107767297,1
https://openalex.org/A5069155026,https://openalex.org/A5111354234,1
https://openalex.org/A5069155026,https://openalex.org/A5113419379,1
https://openalex.org/A5069220660,https://openalex.org/A5110032133,1
https://openalex.org/A5069220660,https://openalex.org/A5111454543,1
https://openalex.org/A5069265507,https://openalex.org/A5101773482,1
https://openalex.org/A5069421801,https://openalex.org/A5079799697,1
https://openalex.org/A5069533703,https://openalex.org/A5072924813,2
https://openalex.org/A5069533703,https://openalex.org/A5076597021,2
https://openalex.org/A5069533703,https://openalex.org/A5079958904,1
https://openalex.org/A5069533703,https://openalex.org/A5087069760,2
https://openalex.org/A5069533703,https://openalex.org/A5103361511,2
https://openalex.org/A5069533703,https://openalex.org/A5109189936,2
https://openalex.org/A5069533703,https://openalex.org/A5119061438,2
https://openalex.org/A5069533703,https://openalex.org/A5119061439,2
https://openalex.org/A5069533703,https://openalex.org/A5119061440,2
https://openalex.org/A5069533703,https://openalex.org/A5119061441,2
https://openalex.org/A5069533703,https://openalex.org/A5119061442,2
https://openalex.org/A5069533703,https://openalex.org/A5119061443,2
https://openalex.org/A5069596316,https://openalex.org/A5079884758,1
https://openalex.org/A5069596316,https://openalex.org/A5092585408,1
https://openalex.org/A5069596316,https://openalex.org/A5101773482,1
https://openalex.org/A5069697591,https://openalex.org/A5087186493,1
https://openalex.org/A5069697591,https://openalex.org/A5109283962,1
https://openalex.org/A5069808535,https://openalex.org/A5120860428,1
https://openalex.org/A5069915858,https://openalex.org/A5088444369,2
https://openalex.org/A5069915858,https://openalex.org/A5090947512,2
https://openalex.org/A5069920853,https://openalex.org/A5076932317,1
https://openalex.org/A5069920853,https://openalex.org/A5082466360,1
https://openalex.org/A5069993192,https://openalex.org/A5091706046,1
https://openalex.org/A5070237145,https://openalex.org/A5079191166,1
https://openalex.org/A5070304265,https://openalex.org/A5108512159,1
https://openalex.org/A5070365937,https://openalex.org/A5079191166,1
https://openalex.org/A5070575575,https://openalex.org/A5082316396,1
https://openalex.org/A5070696471,https://openalex.org/A5092183527,1
https://openalex.org/A5070696471,https://openalex.org/A5108725249,1
https://openalex.org/A5070751217,https://openalex.org/A5086526966,1
https://openalex.org/A5070807573,https://openalex.org/A5076462180,1
https://openalex.org/A5070813416,https://openalex.org/A5073010099,1
https://openalex.org/A5070813416,https://openalex.org/A5075843897,3
https://openalex.org/A5070813416,https://openalex.org/A5084548967,3
https://openalex.org/A5070813416,https://openalex.org/A5099341189,1
https://openalex.org/A5070813416,https://openalex.org/A5099341190,1
https://openalex.org/A5071035630,https://openalex.org/A5071406761,1
https://openalex.org/A5071035630,https://openalex.org/A5072751038,1
https://openalex.org/A5071141709,https://openalex.org/A5092807227,1
https://openalex.org/A5071245244,https://openalex.org/A5089694443,1
https://openalex.org/A5071245244,https://openalex.org/A5103593452,1
https://openalex.org/A5071400383,https://openalex.org/A5102304407,1
https://openalex.org/A5071400383,https://openalex.org/A5107945692,1
https://openalex.org/A5071406761,https://openalex.org/A5072751038,1
https://openalex.org/A5071454159,https://openalex.org/A5085453319,1
https://openalex.org/A5071861994,https://openalex.org/A5075398663,2
https://openalex.org/A5071861994,https://openalex.org/A5112337293,3
https://openalex.org/A5071964071,https://openalex.org/A5110768672,9
https://openalex.org/A5072153544,https://openalex.org/A5084948929,3
https://openalex.org/A5072153544,https://openalex.org/A5111801831,1
https://openalex.org/A5072199101,https://openalex.org/A5079191166,1
https://openalex.org/A5072214030,https://openalex.org/A5102227062,1
https://openalex.org/A5072806310,https://openalex.org/A5075508620,4
https://openalex.org/A5072806310,https://openalex.org/A5086978977,19
https://openalex.org/A5072806310,https://openalex.org/A5088153574,11
https://openalex.org/A5072890721,https://openalex.org/A5091683666,1
https://openalex.org/A5072924813,https://openalex.org/A5076597021,2
https://openalex.org/A5072924813,https://openalex.org/A5079958904,1
https://openalex.org/A5072924813,https://openalex.org/A5087069760,2
https://openalex.org/A5072924813,https://openalex.org/A5103361511,2
https://openalex.org/A5072924813,https://openalex.org/A5109189936,2
https://openalex.org/A5072924813,https://openalex.org/A5119061438,2
https://openalex.org/A5072924813,https://openalex.org/A5119061439,2
https://openalex.org/A5072924813,https://openalex.org/A5119061440,2
https://openalex.org/A5072924813,https://openalex.org/A5119061441,2
https://openalex.org/A5072924813,https://openalex.org/A5119061442,2
https://openalex.org/A5072924813,https://openalex.org/A5119061443,2
https://openalex.org/A5073010099,https://openalex.org/A5084548967,1
https://openalex.org/A5073119516,https://openalex.org/A5087408767,1
https://openalex.org/A5073278092,https://openalex.org/A5086842644,2
https://openalex.org/A5073401063,https://openalex.org/A5091176159,1
https://openalex.org/A5073732820,https://openalex.org/A5076597021,1
https://openalex.org/A5073732820,https://openalex.org/A5085470712,1
https://openalex.org/A5073732820,https://openalex.org/A5085890935,1
https://openalex.org/A5073732820,https://openalex.org/A5091173949,1
https://openalex.org/A5073732820,https://openalex.org/A5114464130,1
https://openalex.org/A5073732820,https://openalex.org/A5114464131,1
https://openalex.org/A5073732820,https://openalex.org/A5122323508,1
https://openalex.org/A5073836406,https://openalex.org/A5086791389,1
https://openalex.org/A5073869040,https://openalex.org/A5081107152,1
https://openalex.org/A5073869040,https://openalex.org/A5084651023,2
https://openalex.org/A5073869040,https://openalex.org/A5088583930,2
https://openalex.org/A5073869040,https://openalex.org/A5093509442,1
https://openalex.org/A5073869040,https://openalex.org/A5114164714,2
https://openalex.org/A5073869040,https://openalex.org/A5118853861,1
https://openalex.org/A5073939908,https://openalex.org/A5090970385,1
https://openalex.org/A5074519528,https://openalex.org/A5101773482,1
https://openalex.org/A5074712210,https://openalex.org/A5110423454,1
https://openalex.org/A5074730695,https://openalex.org/A5112654499,2
https://openalex.org/A5074783820,https://openalex.org/A5103274966,1
https://openalex.org/A5074783820,https://openalex.org/A5116111995,1
https://openalex.org/A5074783820,https://openalex.org/A5116111996,1
https://openalex.org/A5074783820,https://openalex.org/A5116111997,1
https://openalex.org/A5074812636,https://openalex.org/A5077133055,1
https://openalex.org/A5074812636,https://openalex.org/A5084651023,1
https://openalex.org/A5074883150,https://openalex.org/A5080223795,2
https://openalex.org/A5075177776,https://openalex.org/A5079730494,1
https://openalex.org/A5075234713,https://openalex.org/A5082294586,1
https://openalex.org/A5075234713,https://openalex.org/A5112303674,1
https://openalex.org/A5075261188,https://openalex.org/A5103585232,1
https://openalex.org/A5075285158,https://openalex.org/A5090234742,1
https://openalex.org/A5075398663,https://openalex.org/A5086892987,1
https://openalex.org/A5075398663,https://openalex.org/A5091223256,1
https://openalex.org/A5075398663,https://openalex.org/A5112337293,4
https://openalex.org/A5075398663,https://openalex.org/A5117823592,1
https://openalex.org/A5075398663,https://openalex.org/A5117823593,1
https://openalex.org/A5075501691,https://openalex.org/A5108261966,1
https://openalex.org/A5075501691,https://openalex.org/A5112337293,1
https://openalex.org/A5075508620,https://openalex.org/A5086978977,6
https://openalex.org/A5075508620,https://openalex.org/A5088153574,3
https://openalex.org/A5075621477,https://openalex.org/A5082466360,1
https://openalex.org/A5075621921,https://openalex.org/A5091193840,1
https://openalex.org/A5075621921,https://openalex.org/A5103593452,1
https://openalex.org/A5076044489,https://openalex.org/A5080359028,1
https://openalex.org/A5076044489,https://openalex.org/A5080437441,1
https://openalex.org/A5076044489,https://openalex.org/A5091206098,1
https://openalex.org/A5076145302,https://openalex.org/A5089051533,3
https://openalex.org/A5076298533,https://openalex.org/A5078865475,2
https://openalex.org/A5076298533,https://openalex.org/A5086405997,1
https://openalex.org/A5076559420,https://openalex.org/A5103265975,1
https://openalex.org/A5076597021,https://openalex.org/A5079958904,1
https://openalex.org/A5076597021,https://openalex.org/A5087069760,2
https://openalex.org/A5076597021,https://openalex.org/A5103361511,2
https://openalex.org/A5076597021,https://openalex.org/A5109189936,2
https://openalex.org/A5076597021,https://openalex.org/A5119061438,2
https://openalex.org/A5076597021,https://openalex.org/A5119061439,2
https://openalex.org/A5076597021,https://openalex.org/A5119061440,2
https://openalex.org/A5076597021,https://openalex.org/A5119061441,2
https://openalex.org/A5076597021,https://openalex.org/A5119061442,2
https://openalex.org/A5076597021,https://openalex.org/A5119061443,2
https://openalex.org/A5076932317,https://openalex.org/A5082466360,1
https://openalex.org/A5077076307,https://openalex.org/A5089439942,1
https://openalex.org/A5077133055,https://openalex.org/A5084651023,1
https://openalex.org/A5077245301,https://openalex.org/A5081104338,1
https://openalex.org/A5077245301,https://openalex.org/A5088666995,1
https://openalex.org/A5077245301,https://openalex.org/A5104453572,1
https://openalex.org/A5077453727,https://openalex.org/A5082836340,4
https://openalex.org/A5077453727,https://openalex.org/A5086311016,2
https://openalex.org/A5077774191,https://openalex.org/A5111007676,1
https://openalex.org/A5077774191,https://openalex.org/A5112776766,1
https://openalex.org/A5077774191,https://openalex.org/A5112958220,1
https://openalex.org/A5077809014,https://openalex.org/A5085366399,1
https://openalex.org/A5078179513,https://openalex.org/A5086606169,2
https://openalex.org/A5078245654,https://openalex.org/A5086630717,1
https://openalex.org/A5078878478,https://openalex.org/A5080774676,1
https://openalex.org/A5078934409,https://openalex.org/A5109752187,2
https://openalex.org/A5079046841,https://openalex.org/A5113597763,1
https://openalex.org/A5079191166,https://openalex.org/A5086166518,1
https://openalex.org/A5079191166,https://openalex.org/A5097511049,1
https://openalex.org/A5079191166,https://openalex.org/A5105855351,1
https://openalex.org/A5079191166,https://openalex.org/A5105855352,1
https://openalex.org/A5079198489,https://openalex.org/A5087036265,1
https://openalex.org/A5079379399,https://openalex.org/A5103415566,1
https://openalex.org/A5079479033,https://openalex.org/A5084747730,2
https://openalex.org/A5079479033,https://openalex.org/A5113594698,1
https://openalex.org/A5079516127,https://openalex.org/A5086430519,1
https://openalex.org/A5079722775,https://openalex.org/A5103560366,1
https://openalex.org/A5079722775,https://openalex.org/A5108261966,1
https://openalex.org/A5079722775,https://openalex.org/A5112337293,1
https://openalex.org/A5079766432,https://openalex.org/A5083084172,1
https://openalex.org/A5079766432,https://openalex.org/A5084032458,1
https://openalex.org/A5079766432,https://openalex.org/A5099295752,1
https://openalex.org/A5079766432,https://openalex.org/A5116005448,1
https://openalex.org/A5079884758,https://openalex.org/A5092585408,1
https://openalex.org/A5079884758,https://openalex.org/A5101773482,1
https://openalex.org/A5079884758,https://openalex.org/A5112871096,2
https://openalex.org/A5079884758,https://openalex.org/A5116419325,1
https://openalex.org/A5079884758,https://openalex.org/A5116419326,1
https://openalex.org/A5079884758,https://openalex.org/A5116419327,2
https://openalex.org/A5079898996,https://openalex.org/A5114164714,3
https://openalex.org/A5079958904,https://openalex.org/A5087069760,1
https://openalex.org/A5079958904,https://openalex.org/A5103361511,1
https://openalex.org/A5079958904,https://openalex.org/A5109189936,1
https://openalex.org/A5079958904,https://openalex.org/A5119061438,1
https://openalex.org/A5079958904,https://openalex.org/A5119061439,1
https://openalex.org/A5079958904,https://openalex.org/A5119061440,1
https://openalex.org/A5079958904,https://openalex.org/A5119061441,1
https://openalex.org/A5079958904,https://openalex.org/A5119061442,1
https://openalex.org/A5079958904,https://openalex.org/A5119061443,1
https://openalex.org/A5079998956,https://openalex.org/A5082732820,1
https://openalex.org/A5079998956,https://openalex.org/A5092814508,1
https://openalex.org/A5080359028,https://openalex.org/A5091206098,1
https://openalex.org/A5080505303,https://openalex.org/A5116157293,1
https://openalex.org/A5080765175,https://openalex.org/A5106842179,1
https://openalex.org/A5081085917,https://openalex.org/A5090120647,1
https://openalex.org/A5081085917,https://openalex.org/A5094699286,1
https://openalex.org/A5081085917,https://openalex.org/A5094699287,1
https://openalex.org/A5081085917,https://openalex.org/A5094699288,1
https://openalex.org/A5081085917,https://openalex.org/A5094699289,1
https://openalex.org/A5081085917,https://openalex.org/A5094699290,1
https://openalex.org/A5081085917,https://openalex.org/A5101150856,1
https://openalex.org/A5081085917,https://openalex.org/A5105529436,1
https://openalex.org/A5081085917,https://openalex.org/A5112308917,1
https://openalex.org/A5081104338,https://openalex.org/A5088666995,2
https://openalex.org/A5081104338,https://openalex.org/A5104453572,2
https://openalex.org/A5081107152,https://openalex.org/A5084651023,1
https://openalex.org/A5081107152,https://openalex.org/A5088583930,1
https://openalex.org/A5081489498,https://openalex.org/A5112337293,1
https://openalex.org/A5081779413,https://openalex.org/A5085453319,1
https://openalex.org/A5081779413,https://openalex.org/A5092585408,1
https://openalex.org/A5081779413,https://openalex.org/A5113087533,1
https://openalex.org/A5081779413,https://openalex.org/A5119533826,1
https://openalex.org/A5081930669,https://openalex.org/A5110876581,1
https://openalex.org/A5082002998,https://openalex.org/A5082121704,1
https://openalex.org/A5082061967,https://openalex.org/A5114164714,2
https://openalex.org/A5082294586,https://openalex.org/A5092932421,1
https://openalex.org/A5082294586,https://openalex.org/A5092932422,1
https://openalex.org/A5082294586,https://openalex.org/A5112303674,1
https://openalex.org/A5082294586,https://openalex.org/A5112337293,1
https://openalex.org/A5082583904,https://openalex.org/A5114119722,1
https://openalex.org/A5082732820,https://openalex.org/A5087525753,1
https://openalex.org/A5082732820,https://openalex.org/A5092814508,1
https://openalex.org/A5082802255,https://openalex.org/A5087795816,1
https://openalex.org/A5082836340,https://openalex.org/A5086311016,2
https://openalex.org/A5082886607,https://openalex.org/A5102005602,6
https://openalex.org/A5082926783,https://openalex.org/A5084948929,1
https://openalex.org/A5083084172,https://openalex.org/A5084032458,1
https://openalex.org/A5083084172,https://openalex.org/A5116005448,1
https://openalex.org/A5083222906,https://openalex.org/A5089319250,1
https://openalex.org/A5083222906,https://openalex.org/A5111408868,2
https://openalex.org/A5083237308,https://openalex.org/A5108400765,1
https://openalex.org/A5083607307,https://openalex.org/A5112605413,1
https://openalex.org/A5083677544,https://openalex.org/A5085453319,1
https://openalex.org/A5083677544,https://openalex.org/A5097587451,1
https://openalex.org/A5084032458,https://openalex.org/A5107039985,1
https://openalex.org/A5084032458,https://openalex.org/A5107039986,1
https://openalex.org/A5084032458,https://openalex.org/A5111318020,1
https://openalex.org/A5084032458,https://openalex.org/A5116005448,1
https://openalex.org/A5084166427,https://openalex.org/A5087000139,3
https://openalex.org/A5084166427,https://openalex.org/A5113962423,1
https://openalex.org/A5084548967,https://openalex.org/A5099341189,1
https://openalex.org/A5084548967,https://openalex.org/A5099341190,2
https://openalex.org/A5084548967,https://openalex.org/A5102636315,1
https://openalex.org/A5084548967,https://openalex.org/A5110043318,1
https://openalex.org/A5084548967,https://openalex.org/A5111155275,1
https://openalex.org/A5084651023,https://openalex.org/A5088583930,2
https://openalex.org/A5084867523,https://openalex.org/A5108469658,1
https://openalex.org/A5084948929,https://openalex.org/A5105668717,1
https://openalex.org/A5084996272,https://openalex.org/A5111080870,1
https://openalex.org/A5085090266,https://openalex.org/A5108635425,2
https://openalex.org/A5085341467,https://openalex.org/A5089136789,2
https://openalex.org/A5085388961,https://openalex.org/A5086308937,1
https://openalex.org/A5085453319,https://openalex.org/A5088083016,1
https://openalex.org/A5085453319,https://openalex.org/A5092585408,1
https://openalex.org/A5085453319,https://openalex.org/A5097587451,1
https://openalex.org/A5085453319,https://openalex.org/A5113087533,1
https://openalex.org/A5085453319,https://openalex.org/A5119533826,1
https://openalex.org/A5085461623,https://openalex.org/A5109434457,1
https://openalex.org/A5085461623,https://openalex.org/A5112584187,7
https://openalex.org/A5085470712,https://openalex.org/A5085890935,1
https://openalex.org/A5085470712,https://openalex.org/A5091173949,1
https://openalex.org/A5085476772,https://openalex.org/A5088097468,1
https://openalex.org/A5085890935,https://openalex.org/A5091173949,1
https://openalex.org/A5085900200,https://openalex.org/A5088444369,2
https://openalex.org/A5085900200,https://openalex.org/A5090947512,2
https://openalex.org/A5086578740,https://openalex.org/A5088387206,1
https://openalex.org/A5086630717,https://openalex.org/A5101773482,1
https://openalex.org/A5086763447,https://openalex.org/A5122753056,1
https://openalex.org/A5086766707,https://openalex.org/A5092274773,2
https://openalex.org/A5086766707,https://openalex.org/A5092274774,1
https://openalex.org/A5086766707,https://openalex.org/A5092274775,1
https://openalex.org/A5086766707,https://openalex.org/A5108449043,1
https://openalex.org/A5086796374,https://openalex.org/A5090334241,1
https://openalex.org/A5086892987,https://openalex.org/A5112337293,1
https://openalex.org/A5086892987,https://openalex.org/A5113601000,1
https://openalex.org/A5086978977,https://openalex.org/A5088153574,16
https://openalex.org/A5087069760,https://openalex.org/A5103361511,2
https://openalex.org/A5087069760,https://openalex.org/A5109189936,2
https://openalex.org/A5087069760,https://openalex.org/A5119061438,2
https://openalex.org/A5087069760,https://openalex.org/A5119061439,2
https://openalex.org/A5087069760,https://openalex.org/A5119061440,2
https://openalex.org/A5087069760,https://openalex.org/A5119061441,2
https://openalex.org/A5087069760,https://openalex.org/A5119061442,2
https://openalex.org/A5087069760,https://openalex.org/A5119061443,2
https://openalex.org/A5087186493,https://openalex.org/A5109283962,1
https://openalex.org/A5087525753,https://openalex.org/A5116844534,1
https://openalex.org/A5087525753,https://openalex.org/A5116844535,1
https://openalex.org/A5087525753,https://openalex.org/A5116844536,1
https://openalex.org/A5087525753,https://openalex.org/A5116844537,1
https://openalex.org/A5087525753,https://openalex.org/A5116844538,1
https://openalex.org/A5087525753,https://openalex.org/A5116844539,1
https://openalex.org/A5087525753,https://openalex.org/A5119433234,1
https://openalex.org/A5087781841,https://openalex.org/A5110717423,3
https://openalex.org/A5088134184,https://openalex.org/A5103593452,1
https://openalex.org/A5088444369,https://openalex.org/A5090947512,4
https://openalex.org/A5088582174,https://openalex.org/A5120300660,1
https://openalex.org/A5088666995,https://openalex.org/A5104453572,2
https://openalex.org/A5088932648,https://openalex.org/A5091193840,1
https://openalex.org/A5088932648,https://openalex.org/A5092814508,2
https://openalex.org/A5088932648,https://openalex.org/A5103274966,2
https://openalex.org/A5088932648,https://openalex.org/A5103593452,1
https://openalex.org/A5088932648,https://openalex.org/A5106344614,2
https://openalex.org/A5088932648,https://openalex.org/A5109593227,1
https://openalex.org/A5088932648,https://openalex.org/A5119709804,2
https://openalex.org/A5088932648,https://openalex.org/A5119709805,1
https://openalex.org/A5088932648,https://openalex.org/A5120396729,1
https://openalex.org/A5088932648,https://openalex.org/A5120494615,1
https://openalex.org/A5088932648,https://openalex.org/A5120494616,1
https://openalex.org/A5088932648,https://openalex.org/A5120699851,1
https://openalex.org/A5089319250,https://openalex.org/A5089879329,1
https://openalex.org/A5089632338,https://openalex.org/A5108725249,1
https://openalex.org/A5089694443,https://openalex.org/A5103593452,4
https://openalex.org/A5089798637,https://openalex.org/A5116582244,2
https://openalex.org/A5090120647,https://openalex.org/A5094699286,1
https://openalex.org/A5090120647,https://openalex.org/A5094699287,1
https://openalex.org/A5090120647,https://openalex.org/A5094699288,1
https://openalex.org/A5090120647,https://openalex.org/A5094699289,1
https://openalex.org/A5090120647,https://openalex.org/A5094699290,1
https://openalex.org/A5090120647,https://openalex.org/A5101150856,1
https://openalex.org/A5090120647,https://openalex.org/A5105529436,1
https://openalex.org/A5090120647,https://openalex.org/A5112308917,1
https://openalex.org/A5090947512,https://openalex.org/A5101773482,1
https://openalex.org/A5090947512,https://openalex.org/A5108512159,1
https://openalex.org/A5090970385,https://openalex.org/A5120868171,1
https://openalex.org/A5090970385,https://openalex.org/A5120868172,1
https://openalex.org/A5090970385,https://openalex.org/A5120868173,1
https://openalex.org/A5090970385,https://openalex.org/A5120868174,1
https://openalex.org/A5091030307,https://openalex.org/A5106842179,1
https://openalex.org/A5091193840,https://openalex.org/A5103593452,1
https://openalex.org/A5091221219,https://openalex.org/A5103130908,1
https://openalex.org/A5091221219,https://openalex.org/A5130093283,2
https://openalex.org/A5091223256,https://openalex.org/A5112337293,1
https://openalex.org/A5091223256,https://openalex.org/A5117823592,1
https://openalex.org/A5091223256,https://openalex.org/A5117823593,1
https://openalex.org/A5091641645,https://openalex.org/A5094532049,1
https://openalex.org/A5091641645,https://openalex.org/A5103426371,1
https://openalex.org/A5091706046,https://openalex.org/A5112337293,1
https://openalex.org/A5092001855,https://openalex.org/A5092001856,1
https://openalex.org/A5092029850,https://openalex.org/A5104311704,1
https://openalex.org/A5092029850,https://openalex.org/A5113445602,3
https://openalex.org/A5092029850,https://openalex.org/A5119453590,1
https://openalex.org/A5092029850,https://openalex.org/A5119453591,1
https://openalex.org/A5092146436,https://openalex.org/A5104128296,1
https://openalex.org/A5092183527,https://openalex.org/A5108725249,1
https://openalex.org/A5092220223,https://openalex.org/A5092593049,1
https://openalex.org/A5092220223,https://openalex.org/A5092593050,1
https://openalex.org/A5092220223,https://openalex.org/A5112963636,1
https://openalex.org/A5092274773,https://openalex.org/A5092274774,1
https://openalex.org/A5092274773,https://openalex.org/A5092274775,1
https://openalex.org/A5092274773,https://openalex.org/A5108449043,1
https://openalex.org/A5092274774,https://openalex.org/A5092274775,1
https://openalex.org/A5092274774,https://openalex.org/A5108449043,1
https://openalex.org/A5092274775,https://openalex.org/A5108449043,1
https://openalex.org/A5092493862,https://openalex.org/A5104152400,1
https://openalex.org/A5092585408,https://openalex.org/A5101773482,1
https://openalex.org/A5092585408,https://openalex.org/A5113087533,1
https://openalex.org/A5092585408,https://openalex.org/A5119533826,1
https://openalex.org/A5092593049,https://openalex.org/A5092593050,1
https://openalex.org/A5092593049,https://openalex.org/A5112963636,1
https://openalex.org/A5092593050,https://openalex.org/A5112963636,1
https://openalex.org/A5092795383,https://openalex.org/A5102543858,1
https://openalex.org/A5092814508,https://openalex.org/A5103274966,1
https://openalex.org/A5092814508,https://openalex.org/A5106344614,2
https://openalex.org/A5092814508,https://openalex.org/A5109593227,1
https://openalex.org/A5092814508,https://openalex.org/A5119709804,2
https://openalex.org/A5092814508,https://openalex.org/A5119709805,1
https://openalex.org/A5092814508,https://openalex.org/A5120396729,1
https://openalex.org/A5092814508,https://openalex.org/A5120494615,1
https://openalex.org/A5092814508,https://openalex.org/A5120494616,1
https://openalex.org/A5092814508,https://openalex.org/A5120699851,1
https://openalex.org/A5092815392,https://openalex.org/A5092815394,1
https://openalex.org/A5092932421,https://openalex.org/A5092932422,1
https://openalex.org/A5092932421,https://openalex.org/A5114295075,1
https://openalex.org/A5093483613,https://openalex.org/A5093483614,1
https://openalex.org/A5093483613,https://openalex.org/A5101773482,1
https://openalex.org/A5093483613,https://openalex.org/A5102591730,1
https://openalex.org/A5093483614,https://openalex.org/A5101773482,1
https://openalex.org/A5093483614,https://openalex.org/A5102591730,1
https://openalex.org/A5093559383,https://openalex.org/A5093559384,1
https://openalex.org/A5093559383,https://openalex.org/A5093559385,1
https://openalex.org/A5093559383,https://openalex.org/A5111098718,1
https://openalex.org/A5093559383,https://openalex.org/A5111632799,1
https://openalex.org/A5093559383,https://openalex.org/A5115779817,1
https://openalex.org/A5093559383,https://openalex.org/A5115779818,1
https://openalex.org/A5093559383,https://openalex.org/A5115779819,1
https://openalex.org/A5093559384,https://openalex.org/A5093559385,1
https://openalex.org/A5093559384,https://openalex.org/A5111098718,1
https://openalex.org/A5093559385,https://openalex.org/A5111098718,1
https://openalex.org/A5094043014,https://openalex.org/A5094043015,1
https://openalex.org/A5094043014,https://openalex.org/A5108250975,1
https://openalex.org/A5094043014,https://openalex.org/A5110910646,1
https://openalex.org/A5094043014,https://openalex.org/A5115629014,1
https://openalex.org/A5094043014,https://openalex.org/A5115629015,1
https://openalex.org/A5094043015,https://openalex.org/A5109040447,1
https://openalex.org/A5094043015,https://openalex.org/A5115629014,1
https://openalex.org/A5094043015,https://openalex.org/A5120520825,1
https://openalex.org/A5094391014,https://openalex.org/A5094470958,1
https://openalex.org/A5094391014,https://openalex.org/A5099905481,1
https://openalex.org/A5094391014,https://openalex.org/A5099905482,1
https://openalex.org/A5094391014,https://openalex.org/A5099905483,1
https://openalex.org/A5094391014,https://openalex.org/A5099905484,1
https://openalex.org/A5094417624,https://openalex.org/A5094417625,1
https://openalex.org/A5094417624,https://openalex.org/A5094417626,1
https://openalex.org/A5094417624,https://openalex.org/A5094417627,1
https://openalex.org/A5094417624,https://openalex.org/A5094417628,1
https://openalex.org/A5094417624,https://openalex.org/A5094417629,1
https://openalex.org/A5094417624,https://openalex.org/A5094417630,1
https://openalex.org/A5094417624,https://openalex.org/A5094417631,1
https://openalex.org/A5094417624,https://openalex.org/A5094417632,1
https://openalex.org/A5094417624,https://openalex.org/A5094417633,1
https://openalex.org/A5094417624,https://openalex.org/A5094417634,1
https://openalex.org/A5094417624,https://openalex.org/A5094417635,1
https://openalex.org/A5094417625,https://openalex.org/A5094417626,1
https://openalex.org/A5094417625,https://openalex.org/A5094417627,1
https://openalex.org/A5094417625,https://openalex.org/A5094417628,1
https://openalex.org/A5094417625,https://openalex.org/A5094417629,1
https://openalex.org/A5094417625,https://openalex.org/A5094417630,1
https://openalex.org/A5094417625,https://openalex.org/A5094417631,1
https://openalex.org/A5094417625,https://openalex.org/A5094417632,1
https://openalex.org/A5094417625,https://openalex.org/A5094417633,1
https://openalex.org/A5094417625,https://openalex.org/A5094417634,1
https://openalex.org/A5094417625,https://openalex.org/A5094417635,1
https://openalex.org/A5094417626,https://openalex.org/A5094417627,1
https://openalex.org/A5094417626,https://openalex.org/A5094417628,1
https://openalex.org/A5094417626,https://openalex.org/A5094417629,1
https://openalex.org/A5094417626,https://openalex.org/A5094417630,1
https://openalex.org/A5094417626,https://openalex.org/A5094417631,1
https://openalex.org/A5094417626,https://openalex.org/A5094417632,1
https://openalex.org/A5094417626,https://openalex.org/A5094417633,1
https://openalex.org/A5094417626,https://openalex.org/A5094417634,1
https://openalex.org/A5094417626,https://openalex.org/A5094417635,1
https://openalex.org/A5094417627,https://openalex.org/A5094417628,1
https://openalex.org/A5094417627,https://openalex.org/A5094417629,1
https://openalex.org/A5094417627,https://openalex.org/A5094417630,1
https://openalex.org/A5094417627,https://openalex.org/A5094417631,1
https://openalex.org/A5094417627,https://openalex.org/A5094417632,1
https://openalex.org/A5094417627,https://openalex.org/A5094417633,1
https://openalex.org/A5094417627,https://openalex.org/A5094417634,1
https://openalex.org/A5094417627,https://openalex.org/A5094417635,1
https://openalex.org/A5094417628,https://openalex.org/A5094417629,1
https://openalex.org/A5094417628,https://openalex.org/A5094417630,1
https://openalex.org/A5094417628,https://openalex.org/A5094417631,1
https://openalex.org/A5094417628,https://openalex.org/A5094417632,1
https://openalex.org/A5094417628,https://openalex.org/A5094417633,1
https://openalex.org/A5094417628,https://openalex.org/A5094417634,1
https://openalex.org/A5094417628,https://openalex.org/A5094417635,1
https://openalex.org/A5094417629,https://openalex.org/A5094417630,1
https://openalex.org/A5094417629,https://openalex.org/A5094417631,1
https://openalex.org/A5094417629,https://openalex.org/A5094417632,1
https://openalex.org/A5094417629,https://openalex.org/A5094417633,1
https://openalex.org/A5094417629,https://openalex.org/A5094417634,1
https://openalex.org/A5094417629,https://openalex.org/A5094417635,1
https://openalex.org/A5094417630,https://openalex.org/A5094417631,1
https://openalex.org/A5094417630,https://openalex.org/A5094417632,1
https://openalex.org/A5094417630,https://openalex.org/A5094417633,1
https://openalex.org/A5094417630,https://openalex.org/A5094417634,1
https://openalex.org/A5094417630,https://openalex.org/A5094417635,1
https://openalex.org/A5094417631,https://openalex.org/A5094417632,1
https://openalex.org/A5094417631,https://openalex.org/A5094417633,1
https://openalex.org/A5094417631,https://openalex.org/A5094417634,1
https://openalex.org/A5094417631,https://openalex.org/A5094417635,1
https://openalex.org/A5094417632,https://openalex.org/A5094417633,1
https://openalex.org/A5094417632,https://openalex.org/A5094417634,1
https://openalex.org/A5094417632,https://openalex.org/A5094417635,1
https://openalex.org/A5094417633,https://openalex.org/A5094417634,1
https://openalex.org/A5094417633,https://openalex.org/A5094417635,1
https://openalex.org/A5094417634,https://openalex.org/A5094417635,1
https://openalex.org/A5094454746,https://openalex.org/A5094837857,1
https://openalex.org/A5094454746,https://openalex.org/A5094837858,1
https://openalex.org/A5094454746,https://openalex.org/A5094837859,1
https://openalex.org/A5094454746,https://openalex.org/A5094837860,1
https://openalex.org/A5094454746,https://openalex.org/A5094837861,1
https://openalex.org/A5094454746,https://openalex.org/A5094837862,1
https://openalex.org/A5094454746,https://openalex.org/A5094837863,1
https://openalex.org/A5094454746,https://openalex.org/A5094837864,1
https://openalex.org/A5094454746,https://openalex.org/A5094837865,1
https://openalex.org/A5094454746,https://openalex.org/A5094837866,1
https://openalex.org/A5094454746,https://openalex.org/A5109550012,1
https://openalex.org/A5094454746,https://openalex.org/A5112815241,1
https://openalex.org/A5094470958,https://openalex.org/A5099905481,1
https://openalex.org/A5094470958,https://openalex.org/A5099905482,1
https://openalex.org/A5094470958,https://openalex.org/A5099905483,1
https://openalex.org/A5094470958,https://openalex.org/A5099905484,1
https://openalex.org/A5094476333,https://openalex.org/A5094923131,1
https://openalex.org/A5094476333,https://openalex.org/A5094923132,1
https://openalex.org/A5094476333,https://openalex.org/A5114035818,1
https://openalex.org/A5094494918,https://openalex.org/A5094494919,1
https://openalex.org/A5094494918,https://openalex.org/A5094494920,1
https://openalex.org/A5094494918,https://openalex.org/A5094494921,1
https://openalex.org/A5094494919,https://openalex.org/A5094494920,1
https://openalex.org/A5094494919,https://openalex.org/A5094494921,1
https://openalex.org/A5094494920,https://openalex.org/A5094494921,1
https://openalex.org/A5094681925,https://openalex.org/A5108290151,1
https://openalex.org/A5094699286,https://openalex.org/A5094699287,1
https://openalex.org/A5094699286,https://openalex.org/A5094699288,1
https://openalex.org/A5094699286,https://openalex.org/A5094699289,1
https://openalex.org/A5094699286,https://openalex.org/A5094699290,1
https://openalex.org/A5094699286,https://openalex.org/A5101150856,1
https://openalex.org/A5094699286,https://openalex.org/A5105529436,1
https://openalex.org/A5094699286,https://openalex.org/A5112308917,1
https://openalex.org/A5094699287,https://openalex.org/A5094699288,1
https://openalex.org/A5094699287,https://openalex.org/A5094699289,1
https://openalex.org/A5094699287,https://openalex.org/A5094699290,1
https://openalex.org/A5094699287,https://openalex.org/A5101150856,1
https://openalex.org/A5094699287,https://openalex.org/A5105529436,1
https://openalex.org/A5094699287,https://openalex.org/A5112308917,1
https://openalex.org/A5094699288,https://openalex.org/A5094699289,1
https://openalex.org/A5094699288,https://openalex.org/A5094699290,1
https://openalex.org/A5094699288,https://openalex.org/A5101150856,1
https://openalex.org/A5094699288,https://openalex.org/A5105529436,1
https://openalex.org/A5094699288,https://openalex.org/A5112308917,1
https://openalex.org/A5094699289,https://openalex.org/A5094699290,1
https://openalex.org/A5094699289,https://openalex.org/A5101150856,1
https://openalex.org/A5094699289,https://openalex.org/A5105529436,1
https://openalex.org/A5094699289,https://openalex.org/A5112308917,1
https://openalex.org/A5094699290,https://openalex.org/A5101150856,1
https://openalex.org/A5094699290,https://openalex.org/A5105529436,1
https://openalex.org/A5094699290,https://openalex.org/A5112308917,1
https://openalex.org/A5094824302,https://openalex.org/A5110087857,2
https://openalex.org/A5094837857,https://openalex.org/A5094837858,1
https://openalex.org/A5094837857,https://openalex.org/A5094837859,1
https://openalex.org/A5094837857,https://openalex.org/A5094837860,1
https://openalex.org/A5094837857,https://openalex.org/A5094837861,1
https://openalex.org/A5094837857,https://openalex.org/A5094837862,1
https://openalex.org/A5094837857,https://openalex.org/A5094837863,1
https://openalex.org/A5094837857,https://openalex.org/A5094837864,1
https://openalex.org/A5094837857,https://openalex.org/A5094837865,1
https://openalex.org/A5094837857,https://openalex.org/A5094837866,1
https://openalex.org/A5094837857,https://openalex.org/A5109550012,1
https://openalex.org/A5094837857,https://openalex.org/A5112815241,1
https://openalex.org/A5094837858,https://openalex.org/A5094837859,1
https://openalex.org/A5094837858,https://openalex.org/A5094837860,1
https://openalex.org/A5094837858,https://openalex.org/A5094837861,1
https://openalex.org/A5094837858,https://openalex.org/A5094837862,1
https://openalex.org/A5094837858,https://openalex.org/A5094837863,1
https://openalex.org/A5094837858,https://openalex.org/A5094837864,1
https://openalex.org/A5094837858,https://openalex.org/A5094837865,1
https://openalex.org/A5094837858,https://openalex.org/A5094837866,1
https://openalex.org/A5094837858,https://openalex.org/A5109550012,1
https://openalex.org/A5094837858,https://openalex.org/A5112815241,1
https://openalex.org/A5094837859,https://openalex.org/A5094837860,1
https://openalex.org/A5094837859,https://openalex.org/A5094837861,1
https://openalex.org/A5094837859,https://openalex.org/A5094837862,1
https://openalex.org/A5094837859,https://openalex.org/A5094837863,1
https://openalex.org/A5094837859,https://openalex.org/A5094837864,1
https://openalex.org/A5094837859,https://openalex.org/A5094837865,1
https://openalex.org/A5094837859,https://openalex.org/A5094837866,1
https://openalex.org/A5094837859,https://openalex.org/A5109550012,1
https://openalex.org/A5094837859,https://openalex.org/A5112815241,1
https://openalex.org/A5094837860,https://openalex.org/A5094837861,1
https://openalex.org/A5094837860,https://openalex.org/A5094837862,1
https://openalex.org/A5094837860,https://openalex.org/A5094837863,1
https://openalex.org/A5094837860,https://openalex.org/A5094837864,1
https://openalex.org/A5094837860,https://openalex.org/A5094837865,1
https://openalex.org/A5094837860,https://openalex.org/A5094837866,1
https://openalex.org/A5094837860,https://openalex.org/A5109550012,1
https://openalex.org/A5094837860,https://openalex.org/A5112815241,1
https://openalex.org/A5094837861,https://openalex.org/A5094837862,1
https://openalex.org/A5094837861,https://openalex.org/A5094837863,1
https://openalex.org/A5094837861,https://openalex.org/A5094837864,1
https://openalex.org/A5094837861,https://openalex.org/A5094837865,1
https://openalex.org/A5094837861,https://openalex.org/A5094837866,1
https://openalex.org/A5094837861,https://openalex.org/A5109550012,1
https://openalex.org/A5094837861,https://openalex.org/A5112815241,1
https://openalex.org/A5094837862,https://openalex.org/A5094837863,1
https://openalex.org/A5094837862,https://openalex.org/A5094837864,1
https://openalex.org/A5094837862,https://openalex.org/A5094837865,1
https://openalex.org/A5094837862,https://openalex.org/A5094837866,1
https://openalex.org/A5094837862,https://openalex.org/A5109550012,1
https://openalex.org/A5094837862,https://openalex.org/A5112815241,1
https://openalex.org/A5094837863,https://openalex.org/A5094837864,1
https://openalex.org/A5094837863,https://openalex.org/A5094837865,1
https://openalex.org/A5094837863,https://openalex.org/A5094837866,1
https://openalex.org/A5094837863,https://openalex.org/A5109550012,1
https://openalex.org/A5094837863,https://openalex.org/A5112815241,1
https://openalex.org/A5094837864,https://openalex.org/A5094837865,1
https://openalex.org/A5094837864,https://openalex.org/A5094837866,1
https://openalex.org/A5094837864,https://openalex.org/A5109550012,1
https://openalex.org/A5094837864,https://openalex.org/A5112815241,1
https://openalex.org/A5094837865,https://openalex.org/A5094837866,1
https://openalex.org/A5094837865,https://openalex.org/A5109550012,1
https://openalex.org/A5094837865,https://openalex.org/A5112815241,1
https://openalex.org/A5094837866,https://openalex.org/A5109550012,1
https://openalex.org/A5094837866,https://openalex.org/A5112815241,1
https://openalex.org/A5094845066,https://openalex.org/A5094845067,1
https://openalex.org/A5094845066,https://openalex.org/A5104821629,1
https://openalex.org/A5094845066,https://openalex.org/A5104821630,1
https://openalex.org/A5094845067,https://openalex.org/A5104821629,1
https://openalex.org/A5094845067,https://openalex.org/A5104821630,1
https://openalex.org/A5094923131,https://openalex.org/A5094923132,1
https://openalex.org/A5094923131,https://openalex.org/A5114035818,1
https://openalex.org/A5094923132,https://openalex.org/A5114035818,1
https://openalex.org/A5095746742,https://openalex.org/A5101338431,1
https://openalex.org/A5095746742,https://openalex.org/A5102650369,1
https://openalex.org/A5095746742,https://openalex.org/A5104282696,1
https://openalex.org/A5095861967,https://openalex.org/A5095861968,1
https://openalex.org/A5095861967,https://openalex.org/A5112527249,1
https://openalex.org/A5095861968,https://openalex.org/A5112527249,1
https://openalex.org/A5096835082,https://openalex.org/A5096835083,1
https://openalex.org/A5096835082,https://openalex.org/A5096835085,1
https://openalex.org/A5096835082,https://openalex.org/A5109095855,1
https://openalex.org/A5096835082,https://openalex.org/A5113542525,1
https://openalex.org/A5096835083,https://openalex.org/A5096835085,1
https://openalex.org/A5096835083,https://openalex.org/A5109095855,1
https://openalex.org/A5096835083,https://openalex.org/A5113542525,1
https://openalex.org/A5096835085,https://openalex.org/A5109095855,1
https://openalex.org/A5096835085,https://openalex.org/A5113542525,1
https://openalex.org/A5097044782,https://openalex.org/A5110423454,1
https://openalex.org/A5097044782,https://openalex.org/A5112287749,1
https://openalex.org/A5097044782,https://openalex.org/A5112287750,1
https://openalex.org/A5097082982,https://openalex.org/A5097138809,3
https://openalex.org/A5097327795,https://openalex.org/A5112652258,2
https://openalex.org/A5097377389,https://openalex.org/A5097403531,1
https://openalex.org/A5097580676,https://openalex.org/A5113440716,1
https://openalex.org/A5097906122,https://openalex.org/A5112178957,1
https://openalex.org/A5098296669,https://openalex.org/A5113751908,1
https://openalex.org/A5098461261,https://openalex.org/A5098550136,1
https://openalex.org/A5098563059,https://openalex.org/A5101773484,1
https://openalex.org/A5098581908,https://openalex.org/A5105175369,1
https://openalex.org/A5098771673,https://openalex.org/A5098771674,1
https://openalex.org/A5099115314,https://openalex.org/A5099115315,1
https://openalex.org/A5099341189,https://openalex.org/A5099341190,1
https://openalex.org/A5099341190,https://openalex.org/A5102636315,1
https://openalex.org/A5099341190,https://openalex.org/A5106842179,1
https://openalex.org/A5099341190,https://openalex.org/A5119366847,1
https://openalex.org/A5099905481,https://openalex.org/A5099905482,1
https://openalex.org/A5099905481,https://openalex.org/A5099905483,1
https://openalex.org/A5099905481,https://openalex.org/A5099905484,1
https://openalex.org/A5099905482,https://openalex.org/A5099905483,1
https://openalex.org/A5099905482,https://openalex.org/A5099905484,1
https://openalex.org/A5099905483,https://openalex.org/A5099905484,1
https://openalex.org/A5100591075,https://openalex.org/A5113196581,1
https://openalex.org/A5101150856,https://openalex.org/A5105529436,1
https://openalex.org/A5101150856,https://openalex.org/A5112308917,1
https://openalex.org/A5101338431,https://openalex.org/A5102650369,1
https://openalex.org/A5101338431,https://openalex.org/A5104282696,1
https://openalex.org/A5101379451,https://openalex.org/A5102688676,1
https://openalex.org/A5101379451,https://openalex.org/A5104328228,1
https://openalex.org/A5101379451,https://openalex.org/A5111229996,1
https://openalex.org/A5101773482,https://openalex.org/A5102591730,1
https://openalex.org/A5102110483,https://openalex.org/A5103179696,4
https://openalex.org/A5102636315,https://openalex.org/A5106842179,2
https://openalex.org/A5102636315,https://openalex.org/A5110043318,1
https://openalex.org/A5102636315,https://openalex.org/A5111155275,1
https://openalex.org/A5102650369,https://openalex.org/A5104282696,1
https://openalex.org/A5102688676,https://openalex.org/A5104328228,1
https://openalex.org/A5102688676,https://openalex.org/A5111229996,1
https://openalex.org/A5103130908,https://openalex.org/A5130093283,1
https://openalex.org/A5103274966,https://openalex.org/A5103593452,1
https://openalex.org/A5103274966,https://openalex.org/A5106344614,1
https://openalex.org/A5103274966,https://openalex.org/A5116111995,1
https://openalex.org/A5103274966,https://openalex.org/A5116111996,1
https://openalex.org/A5103274966,https://openalex.org/A5116111997,1
https://openalex.org/A5103274966,https://openalex.org/A5119709804,1
https://openalex.org/A5103274966,https://openalex.org/A5119709805,1
https://openalex.org/A5103313431,https://openalex.org/A5104348329,1
https://openalex.org/A5103361511,https://openalex.org/A5109189936,2
https://openalex.org/A5103361511,https://openalex.org/A5119061438,2
https://openalex.org/A5103361511,https://openalex.org/A5119061439,2
https://openalex.org/A5103361511,https://openalex.org/A5119061440,2
https://openalex.org/A5103361511,https://openalex.org/A5119061441,2
https://openalex.org/A5103361511,https://openalex.org/A5119061442,2
https://openalex.org/A5103361511,https://openalex.org/A5119061443,2
https://openalex.org/A5103560366,https://openalex.org/A5108261966,1
https://openalex.org/A5103560366,https://openalex.org/A5112337293,1
https://openalex.org/A5104311704,https://openalex.org/A5108115052,1
https://openalex.org/A5104328228,https://openalex.org/A5111229996,1
https://openalex.org/A5104821629,https://openalex.org/A5104821630,1
https://openalex.org/A5105018270,https://openalex.org/A5109752187,1
https://openalex.org/A5105022824,https://openalex.org/A5108150350,3
https://openalex.org/A5105022824,https://openalex.org/A5112888078,3
https://openalex.org/A5105379973,https://openalex.org/A5105379974,1
https://openalex.org/A5105529436,https://openalex.org/A5112308917,1
https://openalex.org/A5105855351,https://openalex.org/A5105855352,1
https://openalex.org/A5106035556,https://openalex.org/A5108087130,1
https://openalex.org/A5106035556,https://openalex.org/A5109144389,1
https://openalex.org/A5106249867,https://openalex.org/A5106249868,1
https://openalex.org/A5106344614,https://openalex.org/A5109593227,1
https://openalex.org/A5106344614,https://openalex.org/A5119709804,2
https://openalex.org/A5106344614,https://openalex.org/A5119709805,1
https://openalex.org/A5106344614,https://openalex.org/A5120396729,1
https://openalex.org/A5106344614,https://openalex.org/A5120494615,1
https://openalex.org/A5106344614,https://openalex.org/A5120494616,1
https://openalex.org/A5106344614,https://openalex.org/A5120699851,1
https://openalex.org/A5107039985,https://openalex.org/A5107039986,1
https://openalex.org/A5107039985,https://openalex.org/A5111318020,1
https://openalex.org/A5107039986,https://openalex.org/A5111318020,1
https://openalex.org/A5107576550,https://openalex.org/A5119270908,1
https://openalex.org/A5107766047,https://openalex.org/A5107766048,1
https://openalex.org/A5107766047,https://openalex.org/A5111354234,1
https://openalex.org/A5107766048,https://openalex.org/A5111354234,1
https://openalex.org/A5107767296,https://openalex.org/A5107767297,1
https://openalex.org/A5107767296,https://openalex.org/A5113419379,1
https://openalex.org/A5107767297,https://openalex.org/A5113419379,1
https://openalex.org/A5108087130,https://openalex.org/A5109144389,1
https://openalex.org/A5108150350,https://openalex.org/A5112888078,3
https://openalex.org/A5108250975,https://openalex.org/A5110910646,1
https://openalex.org/A5108250975,https://openalex.org/A5115629014,1
https://openalex.org/A5108250975,https://openalex.org/A5115629015,1
https://openalex.org/A5108261966,https://openalex.org/A5112337293,5
https://openalex.org/A5108368031,https://openalex.org/A5109882529,1
https://openalex.org/A5108978721,https://openalex.org/A5111311786,1
https://openalex.org/A5109040447,https://openalex.org/A5115629014,1
https://openalex.org/A5109040447,https://openalex.org/A5120520825,1
https://openalex.org/A5109095855,https://openalex.org/A5113542525,1
https://openalex.org/A5109189936,https://openalex.org/A5119061438,2
https://openalex.org/A5109189936,https://openalex.org/A5119061439,2
https://openalex.org/A5109189936,https://openalex.org/A5119061440,2
https://openalex.org/A5109189936,https://openalex.org/A5119061441,2
https://openalex.org/A5109189936,https://openalex.org/A5119061442,2
https://openalex.org/A5109189936,https://openalex.org/A5119061443,2
https://openalex.org/A5109254510,https://openalex.org/A5110325039,1
https://openalex.org/A5109254510,https://openalex.org/A5118653162,1
https://openalex.org/A5109254510,https://openalex.org/A5118653163,1
https://openalex.org/A5109550012,https://openalex.org/A5112815241,1
https://openalex.org/A5109593227,https://openalex.org/A5119709804,1
https://openalex.org/A5109593227,https://openalex.org/A5120396729,1
https://openalex.org/A5109593227,https://openalex.org/A5120494615,1
https://openalex.org/A5109593227,https://openalex.org/A5120494616,1
https://openalex.org/A5109593227,https://openalex.org/A5120699851,1
https://openalex.org/A5110032133,https://openalex.org/A5111454543,1
https://openalex.org/A5110043318,https://openalex.org/A5111155275,1
https://openalex.org/A5110138932,https://openalex.org/A5112178957,1
https://openalex.org/A5110325039,https://openalex.org/A5118653162,1
https://openalex.org/A5110325039,https://openalex.org/A5118653163,1
https://openalex.org/A5110423454,https://openalex.org/A5112287749,1
https://openalex.org/A5110423454,https://openalex.org/A5112287750,1
https://openalex.org/A5110910646,https://openalex.org/A5115629014,1
https://openalex.org/A5110910646,https://openalex.org/A5115629015,1
https://openalex.org/A5111007676,https://openalex.org/A5112776766,1
https://openalex.org/A5111007676,https://openalex.org/A5112958220,1
https://openalex.org/A5111632799,https://openalex.org/A5115779817,1
https://openalex.org/A5111632799,https://openalex.org/A5115779818,1
https://openalex.org/A5111632799,https://openalex.org/A5115779819,1
https://openalex.org/A5112287749,https://openalex.org/A5112287750,1
https://openalex.org/A5112337293,https://openalex.org/A5113601000,2
https://openalex.org/A5112337293,https://openalex.org/A5117823592,1
https://openalex.org/A5112337293,https://openalex.org/A5117823593,1
https://openalex.org/A5112776766,https://openalex.org/A5112958220,1
https://openalex.org/A5112807550,https://openalex.org/A5119181804,1
https://openalex.org/A5112807550,https://openalex.org/A5119181805,1
https://openalex.org/A5112807550,https://openalex.org/A5119181806,1
https://openalex.org/A5112871096,https://openalex.org/A5116419325,1
https://openalex.org/A5112871096,https://openalex.org/A5116419326,1
https://openalex.org/A5112871096,https://openalex.org/A5116419327,2
https://openalex.org/A5112871096,https://openalex.org/A5120510432,1
https://openalex.org/A5113087533,https://openalex.org/A5119533826,1
https://openalex.org/A5113445602,https://openalex.org/A5119453590,1
https://openalex.org/A5113445602,https://openalex.org/A5119453591,2
https://openalex.org/A5113445602,https://openalex.org/A5122939618,1
https://openalex.org/A5113445602,https://openalex.org/A5122948415,1
https://openalex.org/A5113445602,https://openalex.org/A5122963499,1
https://openalex.org/A5114464130,https://openalex.org/A5114464131,1
https://openalex.org/A5115629014,https://openalex.org/A5115629015,1
https://openalex.org/A5115629014,https://openalex.org/A5120520825,1
https://openalex.org/A5115779817,https://openalex.org/A5115779818,1
https://openalex.org/A5115779817,https://openalex.org/A5115779819,1
https://openalex.org/A5115779818,https://openalex.org/A5115779819,1
https://openalex.org/A5116111995,https://openalex.org/A5116111996,1
https://openalex.org/A5116111995,https://openalex.org/A5116111997,1
https://openalex.org/A5116111996,https://openalex.org/A5116111997,1
https://openalex.org/A5116419325,https://openalex.org/A5116419326,1
https://openalex.org/A5116419325,https://openalex.org/A5116419327,1
https://openalex.org/A5116419326,https://openalex.org/A5116419327,1
https://openalex.org/A5116844534,https://openalex.org/A5116844535,1
https://openalex.org/A5116844534,https://openalex.org/A5116844536,1
https://openalex.org/A5116844534,https://openalex.org/A5116844537,1
https://openalex.org/A5116844534,https://openalex.org/A5116844538,1
https://openalex.org/A5116844534,https://openalex.org/A5116844539,1
https://openalex.org/A5116844535,https://openalex.org/A5116844536,1
https://openalex.org/A5116844535,https://openalex.org/A5116844537,1
https://openalex.org/A5116844535,https://openalex.org/A5116844538,1
https://openalex.org/A5116844535,https://openalex.org/A5116844539,1
https://openalex.org/A5116844536,https://openalex.org/A5116844537,1
https://openalex.org/A5116844536,https://openalex.org/A5116844538,1
https://openalex.org/A5116844536,https://openalex.org/A5116844539,1
https://openalex.org/A5116844537,https://openalex.org/A5116844538,1
https://openalex.org/A5116844537,https://openalex.org/A5116844539,1
https://openalex.org/A5116844538,https://openalex.org/A5116844539,1
https://openalex.org/A5117823592,https://openalex.org/A5117823593,1
https://openalex.org/A5118140564,https://openalex.org/A5118140565,1
https://openalex.org/A5118140564,https://openalex.org/A5118140566,1
https://openalex.org/A5118140564,https://openalex.org/A5118198003,1
https://openalex.org/A5118140565,https://openalex.org/A5118140566,1
https://openalex.org/A5118140565,https://openalex.org/A5118198003,1
https://openalex.org/A5118140566,https://openalex.org/A5118198003,1
https://openalex.org/A5118653162,https://openalex.org/A5118653163,1
https://openalex.org/A5119061438,https://openalex.org/A5119061439,2
https://openalex.org/A5119061438,https://openalex.org/A5119061440,2
https://openalex.org/A5119061438,https://openalex.org/A5119061441,2
https://openalex.org/A5119061438,https://openalex.org/A5119061442,2
https://openalex.org/A5119061438,https://openalex.org/A5119061443,2
https://openalex.org/A5119061439,https://openalex.org/A5119061440,2
https://openalex.org/A5119061439,https://openalex.org/A5119061441,2
https://openalex.org/A5119061439,https://openalex.org/A5119061442,2
https://openalex.org/A5119061439,https://openalex.org/A5119061443,2
https://openalex.org/A5119061440,https://openalex.org/A5119061441,2
https://openalex.org/A5119061440,https://openalex.org/A5119061442,2
https://openalex.org/A5119061440,https://openalex.org/A5119061443,2
https://openalex.org/A5119061441,https://openalex.org/A5119061442,2
https://openalex.org/A5119061441,https://openalex.org/A5119061443,2
https://openalex.org/A5119061442,https://openalex.org/A5119061443,2
https://openalex.org/A5119181804,https://openalex.org/A5119181805,1
https://openalex.org/A5119181804,https://openalex.org/A5119181806,1
https://openalex.org/A5119181805,https://openalex.org/A5119181806,1
https://openalex.org/A5119453590,https://openalex.org/A5119453591,1
https://openalex.org/A5119453591,https://openalex.org/A5122939618,1
https://openalex.org/A5119453591,https://openalex.org/A5122948415,1
https://openalex.org/A5119453591,https://openalex.org/A5122963499,1
https://openalex.org/A5119706431,https://openalex.org/A5119706432,1
https://openalex.org/A5119706757,https://openalex.org/A5119706758,1
https://openalex.org/A5119709804,https://openalex.org/A5119709805,1
https://openalex.org/A5119709804,https://openalex.org/A5120396729,1
https://openalex.org/A5119709804,https://openalex.org/A5120494615,1
https://openalex.org/A5119709804,https://openalex.org/A5120494616,1
https://openalex.org/A5119709804,https://openalex.org/A5120699851,1
https://openalex.org/A5120204537,https://openalex.org/A5120204538,1
https://openalex.org/A5120396729,https://openalex.org/A5120494615,1
https://openalex.org/A5120396729,https://openalex.org/A5120494616,1
https://openalex.org/A5120396729,https://openalex.org/A5120699851,1
https://openalex.org/A5120494615,https://openalex.org/A5120494616,1
https://openalex.org/A5120494615,https://openalex.org/A5120699851,1
https://openalex.org/A5120494616,https://openalex.org/A5120699851,1
https://openalex.org/A5120868171,https://openalex.org/A5120868172,1
https://openalex.org/A5120868171,https://openalex.org/A5120868173,1
https://openalex.org/A5120868171,https://openalex.org/A5120868174,1
https://openalex.org/A5120868172,https://openalex.org/A5120868173,1
https://openalex.org/A5120868172,https://openalex.org/A5120868174,1
https://openalex.org/A5120868173,https://openalex.org/A5120868174,1
https://openalex.org/A5122939618,https://openalex.org/A5122948415,1
https://openalex.org/A5122939618,https://openalex.org/A5122963499,1
https://openalex.org/A5122948415,https://openalex.org/A5122963499,1
https://openalex.org/A5124065105,https://openalex.org/A5124118332,1
https://openalex.org/A5124795969,https://openalex.org/A5124811874,1
